stock_id,start_date,end_date,start_idx,end_idx,duration_weeks,avg_convergence,avg_price,ma20_slope_start,ma60_slope_start,ma20_slope_end,ma60_slope_end,start_price,end_price,period_price_change,return_20w,return_40w,max_return,is_profitable_20w,is_profitable_40w,future_max_price
600000.SH,20100319,20100409,111,114,4,0.09225057307166995,3.7743543675000004,-0.040435899059530385,0.23249646018946132,-0.051333112069919064,0.23974412059282757,3.6605906000000004,3.8520159800000005,0.05229357798165139,-0.4210918875783066,-0.47089043488339843,-0.03836094158674809,0,0,3.7042490200000002
600000.SH,20100423,20100528,116,121,6,0.06722042716035985,3.2824974883333335,-0.05967899263988642,0.2286832267351153,-0.04426968890944829,0.1899040541851507,3.4238276300000003,3.21225221,-0.06179499754781767,-0.27593615072958416,-0.3480937164644367,-0.050182958703606714,0,0,3.0510518900000005
600000.SH,20110527,20110610,173,175,3,0.0923425738886946,2.020023316666667,0.007103540612912952,-0.16907050596296078,0.008544558874070688,-0.17242190043446548,2.18840126,1.90166682,-0.1310246184011062,-0.06776180698151944,-0.08213552361396313,0.04106776180698162,0,0,1.9797640200000002
600000.SH,20120224,20120621,210,227,18,0.07655862729162763,1.7684677066666667,-0.08303430843655633,-0.06968951506886381,0.01935809673437333,-0.05659133395378575,1.8567609299999999,1.64785092,-0.11251314405888532,-0.5702642627404668,-0.4197709219957834,-0.3161994593540051,0,0,1.12680135
600000.SH,20130531,20130607,274,275,2,0.08287872445107466,1.629115905,0.31929425156516783,-0.20110881219791693,0.3895532041011974,-0.18504590268442914,0.9872477100000001,2.2709840999999997,1.3003184276821462,0.11443850267379681,0.057754010695187215,0.27379679144385044,1,1,2.89277226
600000.SH,20140613,20141121,328,351,24,0.047061150237562875,2.449803412916667,-0.04317520810349996,0.2686090427882966,0.06499815260336753,0.07254000804712775,2.36328078,2.73331201,0.15657522928782078,0.7238183503243747,1.809571571743103,2.120141179930644,1,1,8.528319360000001
600000.SH,20160722,20180511,433,525,93,0.05337696749708876,9.484210702903226,0.010749918026103845,0.25624788289591927,-0.044810492212810804,-0.0011688775437363758,8.898752940000001,8.417867249999999,-0.05403967199026458,-0.14280514342869924,-0.0171743917677009,0.027266418343672622,0,0,8.64739234
600000.SH,20190215,20190621,563,581,19,0.06171649059288505,8.325197108421053,0.0049335262812375755,-0.08730940420888057,0.1029636827168914,-0.054087581110013036,7.66898522,9.40097847,0.22584386334232634,0.0049627791563276865,-0.13516073502931858,0.06728449937615896,1,0,10.033518599999999
600000.SH,20200103,20200103,609,609,1,0.09739450988808658,10.033518599999999,0.09479749659053292,0.09003299588428196,0.09479749659053292,0.09003299588428196,10.033518599999999,10.033518599999999,0.0,-0.15317460317460313,-0.20625850038290647,-0.016666666666666587,0,0,9.86629329
600000.SH,20200207,20200410,613,622,10,0.08319071946493405,8.471156418000001,0.08397019494861914,0.08954657877406594,-0.029766193482890897,0.05768894602079584,8.64793746,8.130335310000001,-0.059852670349907725,0.016907912743884004,-0.03399322776516599,0.136141038197845,1,0,9.2372076
600000.SH,20200424,20200925,624,646,23,0.06862968450562561,8.445799956086956,-0.046224293280097584,0.05113570446671985,-0.034597137036834306,-0.0027672982379127976,8.01088866,7.7751825100000005,-0.029423221318369986,0.13188413245363168,0.022513377631311664,0.13188413245363168,1,1,8.800605710000001
600000.SH,20201127,20220304,655,720,66,0.05793396913153363,7.883178463787878,-0.026149993950976825,-0.025931031501565394,-0.0721819151382975,-0.028222263382159656,8.374536599999999,7.115808,-0.15030426877589845,-0.1258860863024973,-0.13431418188911226,-0.02976190476190477,0,0,6.904028
600000.SH,20220701,20220708,737,738,2,0.09837055235504749,6.7218972,-0.07690106997768509,-0.06290163217115541,-0.07957803004242628,-0.06447453902687054,6.7684888,6.6753056,-0.013767209011264133,-0.060502644253470524,-0.004030125602039792,-0.004030125602039792,0,0,6.64840328
600000.SH,20221230,20240524,762,832,71,0.04044173693912557,6.340017089436621,-0.08513966804441934,-0.08024484606641043,0.04314885633884131,0.01825834104885642,6.23716184,7.57466368,0.21444077840378756,0.27734879180800825,0.2760903200919411,0.3402723776113584,1,1,10.152112500000001
000596.SZ,20170609,20170721,258,264,7,0.09689707570295696,28.334621825714287,0.09255832397065633,0.22551418970030848,0.06876434130677579,0.20844915219440335,28.041049029999996,28.607397309999996,0.02019711457278529,0.39217694040548856,0.5547818963751794,0.5547818963751794,1,1,44.47826344
000596.SZ,20190125,20190222,341,344,4,0.07824795738905267,52.369871329999995,-0.1634747230322756,0.10990945640698291,-0.21461350625017872,0.09219774985684909,48.4124936,57.583377639999995,0.18943217665615136,0.7301522137665284,0.7686161075284922,0.8075138046035608,1,1,104.08275
000596.SZ,20210702,20210813,466,472,7,0.07268540605102872,196.2918975257143,-0.017659763314362673,0.20449277033750382,-0.03917765206190615,0.1831951566475327,214.230447,190.69776914,-0.10984749455337695,0.1181164031523814,0.09158549121347105,0.30167898575554375,1,1,248.22727872000002
000596.SZ,20210910,20211203,476,488,13,0.07048276883317085,222.80110098153847,-0.08036257721002402,0.14996938781761696,0.003222216959638902,0.056376535720164704,214.5571601,246.435024,0.14857515771155097,-0.2435984848484848,-0.0321057030432493,0.00727272727272734,0,0,248.22727872000002
000596.SZ,20220107,20220311,493,501,9,0.08235835991402436,203.38875800222223,0.07879597374996859,0.04959847058712258,0.07217834813244285,0.013630536125915813,213.22230371999999,182.5859496,-0.14368268978198054,0.3022442593249792,0.3732476997780993,0.40813199878332823,1,1,257.10511816
000596.SZ,20220610,20220624,514,516,3,0.07973562288184377,213.13348876999999,-0.15157296436226536,-0.04413508861775505,-0.13943224755499423,-0.046399289747767455,208.41495382000002,216.41810169,0.03840006546225073,0.02864956374527933,0.18387810912879288,0.2848895255458611,1,1,278.073352
000596.SZ,20220805,20220826,522,525,4,0.08901087671120841,234.45529209,-0.08944273303610321,-0.02581198562388109,-0.0027278022190601646,-0.005672453893030571,237.77150469999998,231.6651642,-0.02568154879494266,0.14266017842660164,0.05276779028134943,0.2135036496350365,1,1,281.12652225
000596.SZ,20221028,20221216,533,540,8,0.06909226232691643,222.94366595125,0.19030869344530055,0.029310816580361238,0.17523349833397783,0.036151947926342645,189.03351314,257.10511816,0.3601033694463772,0.012094416837181978,-0.00833656395228256,0.09343028354282364,1,0,281.12652225
000596.SZ,20230616,20231215,565,590,26,0.05776840164806819,251.66774935576925,0.0880950272788441,0.07494609336107382,0.007555656142501234,0.0440206411396384,253.66111499999997,216.29142993,-0.14732129940373392,0.1825505732371298,-0.08611285882213586,0.21871541764419453,1,0,263.59770036
000596.SZ,20240403,20240412,605,606,2,0.08840138725843731,248.53743657,-0.12259943130655894,-0.01834818928169993,-0.12431202782142231,-0.02096840614952372,255.631941,241.44293214,-0.05550561797752809,-0.34672870892513,-0.33023496589151385,0.09175985407248775,0,0,263.59770036
000596.SZ,20240426,20240628,608,617,10,0.08180622849725135,238.80281402900005,-0.12792880548775493,-0.024310363206127727,0.0019754567501663943,-0.032026908197760384,253.2383835,205.50366196000002,-0.1884971815104008,-0.11403799687307525,-0.17114175399388115,0.006301227081063143,0,0,206.79858720000001
000001.SZ,20140404,20140808,75,93,19,0.060037880206555844,3.694057567894737,,,-0.006767993807740108,0.09584131567265455,3.3296537299999995,4.1465308599999995,0.24533395849543793,0.5028462998102469,1.6047697496214948,1.710433427233676,1,1,11.23889585
000001.SZ,20140912,20141121,98,108,11,0.08215708750079792,4.117919296363636,0.09679746000659567,0.10344575790373746,0.15993758825181956,0.08957727073418996,4.07965133,4.2488172,0.04146576663452278,1.6451822521336055,0.8499089111200169,1.6451822521336055,1,1,11.23889585
000001.SZ,20151120,20160129,160,170,11,0.06854251398986018,7.654736345454546,-0.07985151072865504,0.22816061574199176,-0.18082319589478582,0.16821228508638783,8.331254750000001,6.638450000000001,-0.20318725099601598,-0.09825071967100744,-0.004038108293351782,0.08800000000000002,0,0,7.222633600000001
000001.SZ,20161118,20170721,210,245,36,0.048623723451534165,6.420510835555557,-0.07494266143260793,-0.1252539660253156,0.0076366112935640044,-0.027044239661181725,6.30923958,8.369999550000001,0.32662572785039196,0.24150596877869598,0.01101928374655639,0.35904499540863166,1,1,11.375206
000001.SZ,20180608,20180622,290,292,3,0.09340078465252048,7.721817766666667,-0.07666733426797523,0.107401017694017,-0.12789649088414023,0.09379189012029805,7.778181399999999,7.57066075,-0.026679841897233113,0.04786840963650377,0.49564938701024225,0.49564938701024225,1,1,11.323054110000001
000001.SZ,20190125,20190315,322,328,7,0.06913652113359113,9.03230725,0.0649735243056452,-0.026148398826928407,0.12543158367909352,-0.03985900763629475,8.455777000000001,9.6088375,0.1363636363636362,0.2579392377069547,0.44073894786960444,0.46239768130119785,1,1,14.051941679999999
000001.SZ,20200508,20200619,387,393,7,0.0827785457664779,11.29429832,-0.021538390163757894,0.1401763005924492,-0.13197106941937975,0.08836957615133849,12.097719,10.8217344,-0.10547315572464522,0.3421874999999999,0.7850722708552149,1.0698535680195587,1,1,22.399405559999998
000001.SZ,20200703,20201030,395,412,18,0.07191297897241511,12.7944464,-0.14472978035183692,0.07493442143313311,0.057830056826873116,0.04643879535486146,12.047634,15.006701999999999,0.24561403508771917,0.26570920645988716,0.22083048094111563,0.5062433384763687,1,1,22.603744919999997
000001.SZ,20211008,20211126,461,468,8,0.0670707209030198,17.210716129999998,-0.06612424020421918,0.15807634024878528,-0.14973224663641857,0.10918118523169963,17.16926672,16.19290284,-0.05686695278969963,-0.12855517633674624,-0.32183737353913483,0.045506257110352576,0,0,16.929781239999997
000001.SZ,20230317,20230331,533,535,3,0.08434765285307445,11.103825899999999,-0.007179991732310509,-0.12582626994313623,0.04193957361282422,-0.1193190120205965,11.14754175,10.95519201,-0.017254901960784396,-0.0937789733910833,-0.2600136407832801,0.030327214684756704,0,0,11.28743247
000001.SZ,20230428,20230526,539,543,5,0.08890187332508763,10.932459768,0.1076640931610203,-0.11238300564580667,0.08805854216916746,-0.10136020035428832,10.97267835,10.5792357,-0.035856573705179355,-0.12675447338790274,-0.13427524825824616,0.02783923228026761,0,0,10.8737535
000001.SZ,20230804,20231013,553,562,10,0.08863462938489722,10.098446035,-0.0762342853974395,-0.10355312283300486,-0.13021211219561,-0.09216095035685969,10.8737535,9.724495,-0.10569105691056913,-0.03636363636363627,-0.02037403896037769,0.038181818181818296,0,0,10.0957939
000001.SZ,20240430,20241011,590,613,24,0.04004961626248494,9.786492589166668,-0.08717503540914716,-0.07616315793009396,0.07567396084581568,-0.028987230759662762,9.53884555,11.367814000000001,0.19173897306681956,-0.004266211604095706,0.08640060437301302,0.1356624941259594,0,1,12.91
600900.SH,20100326,20100716,62,78,17,0.07322462445595124,0.28077273823529414,,,,,0.27980225,0.27623505,-0.01274900398406372,18.406366063973415,20.08605153473464,20.206029068360444,1,1,5.8578485
600900.SH,20180921,20190712,190,230,41,0.06861037948896793,10.784335436097564,0.1124018487473905,0.17687401067082031,0.10722263588979926,0.06190650720591137,10.756854480000001,12.069150960000002,0.12199630314232905,0.07630898752135548,0.05337026540929073,0.14995435851272151,1,1,13.878972749999999
600900.SH,20200117,20200904,257,289,33,0.0516824724728054,13.196979595757574,0.08389766231650429,0.07913601780235757,0.06191620547565049,0.06255826067868434,12.924565699999999,15.56930076,0.20462854392082222,-0.007447648535244914,0.012726179746559041,0.07526504742015144,0,1,16.74112492
600900.SH,20210122,20210305,309,315,7,0.08710396449789722,15.439884977142857,0.12020592456858754,0.04841305266346905,0.06708791840715285,0.05072822748201351,14.84871821,15.8616662,0.06821787414066637,-0.01513675782686687,0.17665239985948009,0.17665239985948009,0,1,18.6636676
600900.SH,20210507,20211015,324,347,24,0.05889417646343815,16.21507060125,0.0347335552659873,0.06554141488645127,0.03988611978359538,0.0684427809761362,15.516164560000002,17.142619800000002,0.10482327856930129,0.06570743405275763,0.22594071706589428,0.25920066021647387,1,1,21.58599817
600900.SH,20211029,20220107,349,357,9,0.08025365350324881,17.42673143111111,0.04268938419363724,0.06504384857109147,0.08205413600063562,0.056320440319740685,17.471495,18.219686080000002,0.042823529411764795,0.08393501805054143,-0.015224357806279063,0.18476235403941696,1,0,21.58599817
600900.SH,20220408,20220422,369,371,3,0.09437501367444934,19.26386484,0.0994431677863527,0.06120862446909266,0.11071287000330936,0.0679931547940148,19.0747616,19.47763372,0.021120689655172487,0.07302671569080099,-0.0504674075984215,0.1082454101103201,1,0,21.58599817
600900.SH,20220513,20220602,374,377,4,0.0962771029755605,19.35636099,0.11820348394388393,0.07111000134958424,0.09925730713943437,0.06865246715011442,19.09942724,19.66673696,0.029702970297029743,-0.0876827662620043,-0.03740113123473639,0.09758920424387464,0,0,21.58599817
600900.SH,20221028,20240208,397,462,66,0.04730730700035668,19.830618019999996,0.08473105567341495,0.08871737104473935,0.061794066700505454,0.016299652699640767,18.423377719999998,22.63230816,0.22845595981191247,0.23913308009676718,0.17001811449354173,0.309632281889184,1,1,29.64000138
300015.SZ,20110722,20110826,89,94,6,0.08242196298226755,0.4398533783333333,-0.12465248765251312,-0.11118108961278442,-0.0755791476247641,-0.10011210446645882,0.41354991999999996,0.46393345,0.12183179723502321,-0.07336412151354915,-0.2790903091811984,0.11003692447699132,0,0,0.51498326
300015.SZ,20110909,20111104,96,103,8,0.07672665366919086,0.461513195,-0.04575832462602573,-0.0907401091670561,0.08366667554240718,-0.0040162923678438295,0.46680678,0.51265214,0.09821057012068261,-0.23380068207654428,-0.32381146404655614,0.004547176960970103,0,0,0.51498326
300015.SZ,20120113,20120511,113,129,17,0.08034755644854254,0.4127609199999999,0.1690166116199591,0.029015293297543803,-0.09667121189527114,-0.021446570959973488,0.4147451,0.34915539999999995,-0.15814460496338603,-0.17942583732057427,-0.0822966507177033,0.04593301435406703,0,0,0.36519315999999996
300015.SZ,20130426,20130531,177,182,6,0.06318036196546749,0.3423894699999999,-0.01595672384266205,-0.1393584080329788,0.10676813098120586,-0.12303667244883702,0.31540927999999996,0.3753838199999999,0.19014830508474567,0.592150189105114,0.9684576708713769,1.190182411165191,1,1,0.82215904
300015.SZ,20160415,20160422,331,332,2,0.09388267745130671,3.2037306,-0.015429044242905837,0.2815279072970089,-0.014719963646396179,0.27517324824977474,3.2416356,3.1658256000000002,-0.023386342376052298,0.09733396242673611,-0.03002665086794436,0.2072261624266351,1,0,3.82186749
300015.SZ,20160513,20160701,335,342,8,0.08522377011892533,3.3602782499999995,-0.014391662310507229,0.25353688621862136,0.00938361575544546,0.2216425097973876,3.178966,3.6318044,0.14244833068362484,-0.08498804340894582,-0.11959515220588415,0.05233296429730626,0,0,3.82186749
300015.SZ,20160930,20171013,355,407,53,0.059416928878691835,3.297959422641508,0.1553445377148148,0.11563472493588224,0.1037251484795386,0.009306680664630192,3.51519304,3.95622852,0.1254655078629763,0.506228765571914,1.141061533017815,1.1448735120083506,1,1,8.48560976
300015.SZ,20190111,20190308,471,478,8,0.068487109581577,7.307751262499999,-0.051138849860169006,0.218231523429269,-0.09876258766160952,0.1791523640137087,6.5074815,7.6961313,0.1826589595375723,0.30747600421006305,0.6745998083478641,0.9378125474548491,1,1,14.9136598
300015.SZ,20221014,20221021,663,664,2,0.08134492056644009,22.91101725,0.12831355509436188,-0.14286415065544725,0.15136540925486489,-0.14334180081166878,22.69137444,23.13066006,0.019359145527369812,-0.0013097576948265675,-0.20973939080923923,0.10543549443352969,0,0,25.569452639999998
300015.SZ,20221104,20221118,666,668,3,0.08714807715831434,20.87111621,0.14901170424277566,-0.14493485318330235,0.10842632675390457,-0.14460377185420517,20.82062361,21.29020479,0.022553655874863698,0.006403415154749155,-0.15205838562532678,0.20099608680184974,1,0,25.569452639999998
300015.SZ,20221202,20230120,670,677,8,0.06096009802901951,23.265096607500002,0.054906697084354895,-0.14948795894194541,-0.0171170178094499,-0.11860146347819275,21.146300880000002,25.569452639999998,0.20916905444126055,-0.24661693853138342,-0.3290001654880947,-0.01806872037914688,0,0,25.10744535
300015.SZ,20230331,20230616,686,697,12,0.07156676681991618,21.79682124249999,0.015591469933030205,-0.053761107787546426,0.026491253774607797,0.013831170726201365,23.53207623,20.11997092,-0.1449980561277487,-0.14726027397260277,-0.398238747553816,-0.008317025440313194,0,0,19.95263261
002007.SZ,20090327,20090508,62,68,7,0.056666826149353464,3.555374152857143,,,,,3.6916009,2.3761818200000002,-0.35632754342431755,1.0046260601387815,1.4996144949884347,1.4996144949884347,1,1,5.93953852
002007.SZ,20090807,20090814,81,82,2,0.0880869824914209,3.0160287749999997,-0.08656621979673343,-0.09472980345986132,-0.10717447916666646,-0.09392679829119038,3.0045783999999998,3.02747915,0.007621951219512278,0.6777609682299546,3.3812456313695836,3.3812456313695836,1,1,13.2641298
002007.SZ,20090828,20090904,84,85,2,0.06501333048363467,3.7071734100000002,-0.13794509723956885,-0.08955776973714337,-0.14740824820279974,-0.08633824064052673,3.66412,3.75022682,0.023499999999999976,0.36785539814362495,2.175629400997137,2.536887350189661,1,1,13.2641298
002007.SZ,20110408,20110415,167,168,2,0.0943247487848275,10.311957719999999,-0.08318751382771163,0.25369673414547,-0.10719761075161782,0.2407256280347694,10.371310829999999,10.252604609999999,-0.011445633242100024,-0.40774444826659506,-0.4068154199501505,-0.034734457588723885,0,0,9.896485949999999
002007.SZ,20120817,20121102,235,245,11,0.06903012925691775,5.4351665,-0.04917463482445954,-0.20786927396688676,-0.037761364221041954,-0.14556128937531315,5.5821213,5.1347736,-0.08013937282229963,0.10058922558922556,0.09785130545969943,0.136386488393568,1,1,5.835087339999999
002007.SZ,20130301,20140117,261,307,47,0.06131445560738382,5.482352896595746,-0.12596151078273435,-0.06357606503073371,0.05271794454185939,0.013491754168447345,5.4070722,5.7299692,0.05971753068139172,-0.0715827338129497,0.3541328913251402,0.3541328913251402,0,1,7.759139760000001
002007.SZ,20140207,20140214,310,311,2,0.09946112125059801,6.05459875,0.06002123946391184,0.032755734646695234,0.05731190500033417,0.03709206164089991,6.1318915,5.977306,-0.025210084033613526,-0.013175420498799854,0.3921541912025252,0.3921541912025252,0,1,8.3213316
002007.SZ,20140228,20140930,313,344,32,0.06844448086959098,5.696343841250001,0.050086091763901434,0.043175544066227575,0.04428963806763384,0.033808671246459227,5.6063008,6.480822600000001,0.15598909712443562,0.2227194492254734,1.0575077922978477,1.8135222834212434,1,1,18.2339388
002007.SZ,20151204,20160527,405,429,25,0.06530628472417921,12.29635038,-0.03679950002206313,0.21884197941892114,0.10112275261933928,0.13436817865713285,11.4821943,14.3069325,0.2460103118094771,0.1177091001163246,0.10317733588244711,0.19717002369305917,1,1,17.12783072
002007.SZ,20160617,20160715,432,436,5,0.08901594923291666,13.901322526000001,0.1392971140520049,0.13497765812781662,0.12395707842824205,0.11464721166794188,13.23514192,14.78779393,0.11731283422459887,0.046963804965599744,0.06939874364343401,0.15824110080765774,1,1,17.12783072
002007.SZ,20170203,20170721,464,488,25,0.05898667283840904,15.622831660399997,0.054204789502928716,0.10392067003353953,-0.0016939875227495542,0.07558005119769645,15.21245089,13.009304700000001,-0.14482519654004275,-0.03738977072310416,0.17495590828924157,0.17495590828924157,0,1,15.28535942
002007.SZ,20180413,20180518,525,530,6,0.07906291487757679,14.366065813333336,-0.03137973137973128,-0.06599664450622077,0.010406194331269712,-0.0561417017410748,14.1335656,16.17100168,0.1441558441558441,0.010449940167219146,0.2568523980265892,0.2568523980265892,1,1,20.324562240000002
002007.SZ,20180817,20180831,543,545,3,0.09523857369381478,14.946425946666665,0.1794897866228218,-0.01990645936025651,0.18746718639280324,-0.01970528737085382,14.143749999999999,15.73052784,0.11218933026955381,0.012621074258878762,0.3773031890835774,0.3773031890835774,1,1,21.66570616
002007.SZ,20190125,20190301,565,569,5,0.08851770097019447,16.472037311999998,0.06954747781671299,0.07380940670703669,0.04076150936197203,0.07706668882211157,15.555077279999999,17.928276959999998,0.1525675274562184,0.22867936774667058,0.34362034085845594,0.47837872312744556,1,1,26.5047832
002007.SZ,20210226,20210312,672,674,3,0.08380572389283684,40.259735506666665,-0.09076102175334595,0.19991279827586947,-0.14344264790659858,0.18077388949441803,41.60842692,38.8559293,-0.06615240766713416,-0.06446916198192701,-0.2892769469806503,0.08410513141426794,0,0,42.123912340000004
002007.SZ,20210423,20210423,680,680,1,0.09384932733118159,42.123912340000004,-0.15598592315056725,0.1486770562927048,-0.15598592315056725,0.1486770562927048,42.123912340000004,42.123912340000004,0.0,-0.34810974635125747,-0.4095347578534061,-0.028399907642576997,0,0,40.927597119999994
002007.SZ,20230113,20230120,768,769,2,0.08872334293678928,22.261977639999998,0.030941931535372086,-0.16215492055951153,0.039031530350648165,-0.15709020497240392,22.19943048,22.3245248,0.005635023840485423,-0.040573800701907886,0.013287186296570115,0.058620689655172475,0,1,23.63320384
002007.SZ,20230210,20230421,771,781,11,0.06278205486504031,21.695554058181816,0.04092495291534921,-0.1478316169940596,0.1250881967543595,-0.0955175516859697,21.44886456,22.69980776,0.058322117541498346,-0.07193901716108632,-0.18261728750428846,0.05252020513146414,0,0,23.89200632
002007.SZ,20230519,20240126,785,820,36,0.058848017182815085,21.49434131444444,0.1383576486002972,-0.08354355640325728,-0.00534864755423423,0.036293923955422525,21.39112872,18.4273453,-0.13855198848057804,-0.1535709188669732,-0.09192472233100207,0.08594164456233414,0,0,20.011021659999997
300750.SZ,20190823,20191206,60,75,16,0.047246837009341625,27.605683425000002,,,,,27.0906315,34.092405,0.25845737483085246,0.8049216134796007,1.6081987909037219,1.8897208222769848,1,1,98.51753260999999
300750.SZ,20220805,20220805,212,212,1,0.09948175763180535,267.71892075,-0.1874745734114323,0.08074410248077471,-0.1874745734114323,0.08074410248077471,267.71892075,267.71892075,0.0,-0.18462272547466183,-0.19185056463738934,0.05211114407198649,0,0,281.67006
300750.SZ,20220819,20220819,214,214,1,0.09784117084364578,281.67006,-0.16838550242790465,0.0757535884727335,-0.16838550242790465,0.0757535884727335,281.67006,281.67006,0.0,-0.15927568588581975,-0.22293410737371233,-0.047406015037593986,0,0,268.3172049
300750.SZ,20230512,20230928,250,270,21,0.06529208098904922,214.13542836761908,-0.05644921874394022,-0.12226355335493001,-0.013293456546083817,-0.053544487156376865,225.48200433999997,192.29093118,-0.14720054160043652,-0.22178988326848242,-0.051176855401403036,0.02298125966150406,0,0,196.710019
300750.SZ,20240614,20240930,305,321,17,0.05142882832924904,181.83343894705882,0.01533882917513388,-0.06603463766687209,0.09877775641584166,-0.05147488045471892,178.72096026,242.71112839999998,0.35804512267004523,0.06580104754685824,0.11253385775944504,0.11376453680563933,1,1,270.32304750000003
600036.SH,20090724,20090807,79,81,3,0.08574712730146515,0.76814976,,,0.3157721090853934,-0.22254611420798381,0.786708,0.72538512,-0.07794871794871791,0.003893214682981099,5.543849838000536,6.016810187669688,1,1,5.0898897
600036.SH,20090821,20090828,83,84,2,0.08559285983982076,0.62089416,0.2740333904357065,-0.2103891891713516,0.25815471723491973,-0.20814995729139874,0.6551865599999999,0.58660176,-0.10467980295566488,0.14649243466299874,7.206280867619627,7.676908333858392,1,1,5.0898897
600036.SH,20091030,20091113,93,95,3,0.07965853653159558,0.7391020799999999,0.05895874849935944,-0.17651646661908346,-0.014556242260633687,-0.16962798215454036,0.71691288,0.7407158399999999,0.03320202588632517,5.618285225276133,5.632759331837699,5.871582090103542,1,1,5.0898897
600036.SH,20091211,20100305,99,110,12,0.06602656040890506,0.6642975799999998,-0.06307842615326377,-0.12011065239563579,-0.043354314710740395,0.010322507117706629,0.71086128,0.65034528,-0.08513053348467652,6.480248799529996,5.977444197027154,6.826442132400807,1,1,5.0898897
600036.SH,20160722,20160902,165,171,7,0.08678518623693328,5.086903894285713,0.023116043015326347,0.44262578981859885,0.1149095432796774,0.3955707228427406,4.8585255599999995,5.313656760000001,0.09367681498829065,0.001070663811563061,1.0022398210004064,1.0022398210004064,1,1,10.639215160000001
600036.SH,20160923,20161209,174,184,11,0.08763585832260848,5.187461290909092,0.12189127693589691,0.3192139496024313,0.11915510481535754,0.12967979937624363,5.11453686,5.4615744,0.06785317018909892,-0.020833333333333183,1.195003221049227,1.3286488892287176,0,1,12.71808916
600036.SH,20161223,20170217,186,194,9,0.08569267208214029,5.233692736666667,0.1090180023379212,0.09460727555570467,0.06061386778865021,0.03415656038852759,5.0064432000000005,5.41037214,0.08068181818181802,1.1500286226152274,1.4352190753370249,1.5692756653888877,1,1,13.90073748
600036.SH,20170317,20170519,198,207,10,0.08020813332471909,5.463565599000001,0.057265649588173435,0.03749026610555751,0.044323462289312276,0.0661223184596309,5.35063617,5.839902210000001,0.09144072301967064,1.1176708094226802,1.4641556112632232,1.7291611103878397,1,1,15.938034
600036.SH,20180706,20180727,265,268,4,0.07756619114074496,15.07932967,-0.0074510070767553034,0.2802702250891373,-0.0117140202848364,0.27156745418808215,11.93735648,16.63394294,0.3934360566234846,-0.0471855496217063,0.27041926717105846,0.36116350054041957,0,1,22.641516
600036.SH,20200327,20201030,352,383,32,0.0626728437610203,27.289956859374996,0.050280651905840607,0.14161620487264884,0.11501470429211655,0.06548428664504156,24.573668879999996,30.74721369,0.25122601106685066,0.3681549171943846,0.42370361689836744,0.5511058654238663,1,1,47.6921835
600036.SH,20211015,20211022,433,434,2,0.09512249764457698,46.015839400000004,0.014189362454038337,0.16939010632098633,0.007552349567600491,0.16455508582099523,45.59673603,46.43494277,0.018383042581129175,-0.16780254190458654,-0.3810291040442689,-0.005894271504881284,0,0,46.161242609999995
600036.SH,20211119,20220415,438,458,21,0.05511752579892533,42.14860276428573,-0.0002727813647762087,0.15185269184178438,-0.03735169315244044,0.054772288266720884,44.75852929,40.054307789999996,-0.10510223581119824,-0.27971316715145256,-0.20330012923186752,-0.09246209694640177,0,0,36.3508025
600036.SH,20230324,20230324,505,505,1,0.09605320713935447,28.79205307,0.018011057331859696,-0.12377632092598026,0.018011057331859696,-0.12377632092598026,28.79205307,28.79205307,0.0,-0.030765413909401435,-0.13231006627899355,0.0671309275966127,0,0,30.724890300000002
600036.SH,20230505,20231201,511,540,30,0.05771800140045237,27.916143876,0.09961541361888242,-0.12461575117580381,-0.016028978740208238,-0.036882597383388865,29.00947781,24.737475780000004,-0.1472622864147997,0.21408351026185413,0.17470180298242197,0.3039631988676573,1,1,32.25675805
600036.SH,20240223,20240930,551,583,33,0.07735897679544604,30.00700568606061,-0.06848353924817972,-0.01646030303158783,0.09939829456365189,0.029836324739593405,28.842881350000003,35.3236881,0.22469345802720903,0.11805370911991496,0.2753481423702187,0.2920508150449897,1,1,45.64
600809.SH,20220107,20220401,329,340,12,0.07214808741083421,266.63084103500006,0.0013317026958556257,0.28357978833886144,-0.06126341129771643,0.1437487368600807,281.04679500000003,246.56854581000002,-0.12267796610169496,0.1133128867196605,0.15005729489320532,0.21116863900443317,1,1,298.63609004999995
600809.SH,20220624,20221111,352,371,20,0.059704173183812936,270.3013988855,-0.1179494645572486,0.02681172974854901,0.04597456722084779,-0.03119712754966981,288.4778628,256.85669536,-0.10961384396390508,-0.09375000000000008,-0.0815426941884643,0.14183551847437417,0,0,293.28809792
600809.SH,20221202,20230428,374,394,21,0.05375880541491801,263.1336044295238,0.008491694668950158,-0.04307386000636531,0.0006460616553333386,-0.03426359523346281,250.64766693,237.70342122,-0.05164319248826298,-0.019046462717125883,-0.07022283783013362,0.017673084251117847,0,0,241.90437381
600809.SH,20231117,20231229,422,428,7,0.08085081983532118,218.3212973442857,-0.07321922846865378,-0.060854493443223724,0.029976486824014152,-0.06637849341136766,223.39683846,218.42678421,-0.022247648105771695,0.04598448402895158,-0.15281762202710583,0.17158583625883062,1,0,255.90572663999998
600809.SH,20240301,20240517,436,447,12,0.0706023441142834,236.60298261,0.012203885698753808,-0.06508234325992013,0.0008048502260339999,-0.056353413521025256,224.362449,249.70499228999998,0.11295358649789021,-0.22662161557538946,-0.20121678012607414,-0.04409144330287751,0,0,238.69513877999998
600809.SH,20240531,20240628,449,453,5,0.07815329887267396,216.35033192400002,0.013951221579471547,-0.0560845848967427,0.05680625073913101,-0.0500082530848824,228.47102718,200.79297696,-0.12114468325208669,-0.038038114059743805,0.07778435509281469,0.0907702227236304,0,1,219.0190002
000725.SZ,20090619,20090619,74,74,1,0.09999999999999999,3.9062797799999998,,,,,3.9062797799999998,3.9062797799999998,0.0,-0.001964636542239647,0.013752455795677871,0.09037328094302546,0,1,4.2593030999999995
000725.SZ,20100226,20100507,109,119,11,0.06229795421620656,3.654419269090909,0.015083571137382519,0.14008414212521364,0.00940374082876929,0.15516342490475207,3.74511696,3.12348894,-0.16598360655737698,-0.257985257985258,-0.24570024570024582,-0.004914004914005101,0,0,3.1081400999999995
000725.SZ,20110415,20110624,168,178,11,0.0727265338189897,2.3797678745454545,0.013629160063391245,-0.14352663107706068,-0.030237580993520533,-0.15707974279340364,2.50953534,2.0183724599999997,-0.19571865443425082,-0.2129277566539924,-0.285171102661597,0.030418250950570408,0,0,2.07976782
000725.SZ,20120914,20121109,240,247,8,0.06806628252484122,1.5722967975000002,-0.0054570259208730175,-0.17816769540190022,0.030548796972154565,-0.13874813710879294,1.58093052,1.71907008,0.08737864077669914,0.07589285714285707,-0.05803571428571443,0.21874999999999994,1,0,2.09511666
000725.SZ,20130809,20130816,285,286,2,0.09240550481988845,1.66918635,0.048256196534327896,0.092161282243927,0.03863785199738056,0.08881879306051291,1.65767472,1.68069798,0.013888888888888883,-0.04109589041095889,-0.013698630136986295,0.10045662100456622,0,0,1.84953522
000725.SZ,20130830,20141010,288,346,59,0.053535997615302484,1.698778393220339,0.01622323166774815,0.08134089228493972,0.034747292418772426,-0.012792859799182184,1.6193026199999998,2.04907014,0.26540284360189587,0.17977528089887632,0.5730337078651685,0.9700374531835203,1,1,4.036744919999999
000725.SZ,20161118,20161202,454,456,3,0.0900956285646017,2.11194876,-0.06562648130600378,-0.18737948620938832,-0.03387055722953744,-0.1700172749344849,2.02956778,2.22428646,0.09594095940959423,0.35690235690235683,0.48960899577656003,0.5555552273604183,1,1,3.46000043
000725.SZ,20161230,20170113,460,462,3,0.09202318438173825,2.2817035066666667,0.031071374711521577,-0.12863710345706025,0.07712292470612493,-0.1005642708130347,2.1419054799999997,2.38904842,0.11538461538461552,0.2695924764890281,1.1706075048910058,1.1706075048910058,1,1,5.18568643
000725.SZ,20190517,20190719,581,590,10,0.07557424771224353,3.03982453,0.14331440377068214,-0.17906420732059067,0.2707530384898006,-0.14528456475660334,2.87013668,3.47938916,0.21227298485311172,0.019851116625310198,-0.0037144106064872216,0.3808621511024076,1,0,4.804556799999999
000725.SZ,20191122,20191213,608,611,4,0.09320792341740544,3.3952103900000004,0.02727039299517073,0.009516447461758186,0.031197810487299044,0.030174481235580204,3.1513078,3.5484589200000003,0.12602739726027404,-0.005391151604483043,0.259415397149363,0.4415304545782934,0,1,5.1152116
000725.SZ,20200605,20200624,635,638,4,0.08582512133359568,4.06142208,0.10945534426413413,0.11484058820576402,0.06138230277655191,0.09528795556832638,3.8975283199999997,4.06815744,0.04377880184331811,0.20591945428739344,0.5063100065271808,0.62480943215413,1,1,6.609980579999999
000725.SZ,20210903,20211008,700,705,6,0.07616245266611561,5.1708212133333324,0.03288365222628597,0.14515046831739017,-0.08055907034623945,0.11410543875114218,5.48496588,5.00432454,-0.08762886597938145,-0.1638418079096044,-0.2517700240920026,-0.02824858757062143,0,0,4.86295944
000725.SZ,20230210,20230407,772,780,9,0.09194652373145469,4.0855621555555555,-0.053313507000715715,-0.12616456645607768,0.06022465827581542,-0.08452109298998814,3.92727336,4.302674489999999,0.09558823529411747,-0.08922229438741472,-0.14614590098820127,-0.004975356618250633,0,0,4.28126715
000725.SZ,20230505,20230728,784,796,13,0.0794374405198171,3.962143578461539,0.10622509275800454,-0.06944731629505899,0.11525865808713796,-0.015453797943610757,3.84064233,4.114719,0.07136219581269884,-0.07142857142857147,0.007142857142857243,0.05000000000000005,0,1,4.32045495
001979.SZ,20170310,20170407,60,64,5,0.08982600116246912,11.83817853,,,,,11.75823585,12.117977910000002,0.030594900849858536,0.24026641256684692,0.7121854821073854,0.7121854821073854,1,1,20.74822585
001979.SZ,20180713,20180713,129,129,1,0.09448016424507592,15.2598385,0.06630839044873268,0.136599220494858,0.06630839044873268,0.136599220494858,15.2598385,15.2598385,0.0,-0.029616094560895923,0.10140400240802036,0.247561879504819,0,1,19.0375928
001979.SZ,20190222,20190315,159,162,4,0.08673837365836794,16.7773765,-0.08918253481516816,-0.01120454675887381,-0.015212029954176047,-0.004886177981040703,16.6877644,17.0063852,0.019093078758949972,-0.015619939033252274,0.006277806761662792,0.11943793911007015,0,1,19.0375928
001979.SZ,20190510,20190719,170,180,11,0.0848673204461225,17.237998310909095,0.13175593527832588,-0.007911404143644371,0.19049917375795009,-0.010429689557134206,16.807247200000003,18.5248095,0.1021917676084396,-0.10799438990182328,-0.22231669264939002,-0.015895278167368,0,0,18.2303525
001979.SZ,20190816,20200320,184,214,31,0.06307902231543831,16.39308734451613,0.1356405985805055,-0.016594849082010227,-0.07156361489102758,0.035739254859303335,16.8273515,14.64856008,-0.12947916491790165,0.0390727168318376,-0.22779941453467423,0.1717827626918537,1,0,17.1649302
001979.SZ,20200710,20200918,229,239,11,0.0810598241268346,15.17347348,-0.09883872294846537,-0.027949093150027773,-0.05252983883982479,-0.05152222508269959,17.1649302,14.22457608,-0.1713000918582238,-0.2940725035652522,-0.3216384329676276,-0.038148843026891706,0,0,13.681924960000002
001979.SZ,20211203,20220107,302,307,6,0.08266865973472724,11.273097524999999,-0.047534247395429864,-0.14050539805888151,0.07789868721773481,-0.11887205124563612,10.74826305,12.2490294,0.13962873284907176,-0.12464589235127478,0.06815619203265218,0.2647588534647489,0,1,15.492068380000001
001979.SZ,20220729,20220826,335,339,5,0.08890879374019466,12.328428564000001,0.08395719829106717,0.05225419716782484,0.005793524684471066,0.05477334126708252,11.8846815,13.85184327,0.16552078152031258,-0.007529089664613255,-0.12619086109541292,0.11841204654346346,0,0,15.492068380000001
001979.SZ,20230210,20231013,359,393,35,0.05193672258833204,12.972117524571429,0.16663741495154985,0.1338320705957018,-0.053956295639696915,0.012837983246048996,14.041464670000002,11.729817460000001,-0.1646300627696555,-0.2313982011447261,-0.29746101948290693,-0.03679476696647599,0,0,11.29822156
001979.SZ,20240927,20240930,442,443,2,0.06792176296270039,11.4850445,0.0626534729164754,-0.11226175132275847,0.056931495525621295,-0.11106217275130903,10.981014,11.989075,0.09180035650623883,-0.19836734693877545,-0.2651643266890898,-0.01959183673469386,0,0,11.754187
300059.SZ,20161230,20170106,338,339,2,0.09019352071254255,4.540462,0.01821086062071934,0.07131518375841957,-0.0048656088833835915,0.08152894941333866,4.52176598,4.55915802,0.008269344359125878,-0.1717058909925652,-0.0904470295153314,0.04270824769526189,0,0,4.75387167
300059.SZ,20170310,20170317,348,349,2,0.09510357704402514,4.260021699999999,-0.12414284660948209,0.0568822043813246,-0.1263040515425597,0.05221813103321828,4.273376,4.2466674,-0.006250000000000019,-0.059439307632144556,-0.04257812608540973,0.11943583573321516,0,0,4.75387167
300059.SZ,20171013,20180323,378,401,24,0.05555968430496461,4.265357134166667,-0.006924172701785117,-0.07581287479334461,0.05977655776097037,-0.05800323811783305,4.36783363,4.5141545,0.033499643620812605,0.04394391242036583,0.06848818311380361,0.2606174954800504,1,1,5.690622139999999
300059.SZ,20180921,20180921,427,427,1,0.09314663802407236,4.2746965800000005,0.07016223611520198,0.0944261735419383,0.07016223611520198,0.0944261735419383,4.2746965800000005,4.2746965800000005,0.0,0.8627450980392154,0.5956100140328553,0.8627450980392154,1,1,7.9626700999999995
300059.SZ,20181026,20190222,431,447,17,0.05074926375098997,4.97952623,-0.033303843741552694,0.07923496971312553,-0.01264228645245152,0.04799508807204308,4.6099669,6.42347454,0.39338842975206617,0.06184723353787895,0.02810360948359892,0.23962040332147086,1,1,7.9626700999999995
300059.SZ,20191206,20200103,488,492,5,0.08976620667139339,6.997839102,0.029612667176677855,0.11629471599609476,0.08496960609414783,0.13195149995856123,6.60399736,7.378768,0.11731843575418992,0.1706250867353464,0.9185456040900053,1.0510691988147614,1,1,15.134363769999998
300059.SZ,20200214,20200221,497,498,2,0.08536653687259313,7.7938237,0.08013950626413022,0.12653561871596555,0.08426299544832334,0.13096265755409062,7.0559469,8.5317005,0.2091503267973855,0.6230538050415624,0.8680927723611488,0.8680927723611488,1,1,15.938008039999998
300059.SZ,20230317,20230519,655,664,10,0.049585276373118374,16.642359472000003,-0.09620281946339253,-0.11947858897096891,0.05735507346595306,-0.09440574131382615,16.78062975,15.602983259999998,-0.07017892102648894,-0.04796080131153053,-0.13069148034194578,0.07931716642756952,0,0,16.84056768
300059.SZ,20230818,20231215,677,693,17,0.06736336533760981,15.13151173411765,-0.07344174107207536,-0.06152494943996222,-0.018399475265760606,-0.06420189210636906,15.95683506,14.08014444,-0.11761045426260111,-0.07621946312931435,0.43434608828487276,0.43434608828487276,0,1,20.1958001
300059.SZ,20240930,20240930,734,734,1,0.09877062568073271,20.1958001,-0.10222228294900564,-0.08795059245190721,-0.10222228294900564,-0.08795059245190721,20.1958001,20.1958001,0.0,0.14433497536945802,0.1645985741362136,0.39113300492610825,1,1,28.095044079999997
000661.SZ,20110520,20110520,173,173,1,0.09085685483870952,15.551832000000001,-0.0980735551663748,0.16778871051268748,-0.0980735551663748,0.16778871051268748,15.551832000000001,15.551832000000001,0.0,-0.30645161290322587,-0.24697580645161282,0.08749999999999998,0,0,16.9126173
000661.SZ,20110603,20110909,175,189,15,0.0727286631974331,15.09907302,-0.1215122609869766,0.14623961753180917,-0.12354035436696491,0.04156664730627569,14.899658400000002,14.018596950000001,-0.059132996632996676,-0.2026392305971819,0.06486244687989261,0.19615298590919245,0,1,16.7683866
000661.SZ,20140404,20140411,316,317,2,0.09072709517211827,28.977828900000002,0.030606501788479883,0.19937403643974513,0.029206103380556018,0.18819701890376533,28.2692172,29.686440600000005,0.05013309671694781,0.00560577646348065,-0.0329734916081521,0.06067539130979526,1,0,31.487676999999998
000661.SZ,20141121,20141128,349,350,2,0.09196610588168277,27.391559324999996,-0.05169394150839606,-0.05144760845036593,-0.02614424591040596,-0.05142000514942834,26.985120499999997,27.797998149999998,0.030123180291153448,0.3762365474508098,0.15180315996963256,1.0992483536085134,1,1,58.35490185
000661.SZ,20150123,20150403,358,368,11,0.07819512622748513,29.897085045454546,0.05777242624535513,-0.053240473029239316,0.017428772517984692,-0.058675091877478956,28.707575,35.960015,0.25263157894736843,-0.014213500189029346,-0.041606741265263494,0.6227718995667827,0,0,58.35490185
000661.SZ,20151127,20151218,402,405,4,0.09188542683131731,40.8775505075,-0.03439548197432318,0.12366592799887406,-0.12276359853497462,0.10826696449164766,39.1362216,40.81681615,0.042942176870748354,-0.15996378860138027,0.031337957505046636,0.05242560130452512,0,1,42.95666228
000661.SZ,20160108,20160129,408,411,4,0.07050615660464055,34.123557162500006,-0.18279822280856642,0.09040259188597254,-0.16362236607853367,0.0878134623887991,34.4438685,31.961247640000003,-0.07207729468599025,0.2242307321892768,0.3772008745025323,0.4205208917808065,1,1,45.40162
000661.SZ,20160729,20161021,436,447,12,0.058512840289180364,39.197044616666666,-0.025429255045074064,0.015623188652152497,0.16175373960828715,-0.055704114941455406,39.7320458,42.0696664,0.058834639720464654,0.01855155190866924,0.15875689473021332,0.22628772687391693,1,1,51.589515580000004
000661.SZ,20170203,20170210,462,463,2,0.09495917910145599,41.2760761,0.12343199700262232,0.023242123679266265,0.12362048471405038,0.027970340074745532,41.0903422,41.46181,0.009040270294950178,0.19501951313751134,0.6064338922975141,0.7826992704852971,1,1,73.91393844
000661.SZ,20170310,20170526,467,478,12,0.07648750844107251,42.963721075,0.08720916249380684,0.04259344645560027,0.015858166537107615,0.05059918427042054,41.3454918,46.4909003,0.12444908201575686,0.47168027503223026,0.4996991834980662,0.6312849162011175,1,1,75.83990440000001
000661.SZ,20181214,20181214,557,557,1,0.09883783414377215,82.24976480000001,0.03426765381412034,0.18422807184686607,0.03426765381412034,0.18422807184686607,82.24976480000001,82.24976480000001,0.0,0.6823139170849031,1.2718601544256327,1.2761650654592505,1,1,187.21404127999998
000661.SZ,20181228,20181228,559,559,1,0.09179999999999996,78.3118,-0.011980421218941587,0.16285833652809087,-0.011980421218941587,0.16285833652809087,78.3118,78.3118,0.0,0.7410312851958448,1.511570742084845,1.511570742084845,1,1,196.68562563999998
000661.SZ,20190118,20190308,562,567,6,0.0597501672634147,95.79845202666667,-0.07539763390750001,0.1329325600881462,-0.13583743174339122,0.09821289292117863,86.5233516,122.40358087999999,0.41468838893198856,0.2667400365681197,0.6156159470030041,0.8494305572802782,1,1,226.3769228
000661.SZ,20210618,20210702,685,687,3,0.09330288317652942,381.67937706666663,0.13165673303822728,0.20256287545918186,0.06976286132928058,0.17955248703448312,388.98283519999995,364.51788799999997,-0.06289467037130585,-0.2128571428571429,-0.6032614555256065,0.02835579514824789,0,0,374.85408255999994
000661.SZ,20230203,20230203,767,767,1,0.0943001346518678,190.02339464999997,-0.061141051676868445,-0.1679509372912919,-0.061141051676868445,-0.1679509372912919,190.02339464999997,190.02339464999997,0.0,-0.3143146514144224,-0.20590291801736302,0.009175231887691229,0,0,191.76690336
000661.SZ,20230224,20230421,770,778,9,0.07477268301495492,166.96821784666668,-0.03604608741037547,-0.14956051967114342,-0.027099829239809855,-0.13989677887677182,185.89804343999998,155.80108160999998,-0.16190036900369004,-0.17167763749518936,-0.2629158117947933,0.047734049809848515,0,0,163.2380982
000661.SZ,20230505,20230505,780,780,1,0.09576023713132831,157.66924866,-0.013084645068180368,-0.13059402839217207,-0.013084645068180368,-0.13059402839217207,157.66924866,157.66924866,0.0,-0.15724005074357655,-0.21726396079853044,0.035319820366549355,0,0,163.2380982
000661.SZ,20230519,20230602,782,784,3,0.08991783729699404,158.55898672,0.0001339466428842909,-0.11667521496973224,0.02185020236617813,-0.10257815384525842,163.2380982,153.71708160000003,-0.058325946607971246,-0.06001243781094541,-0.2525497512437812,-0.0023009950248757405,0,0,153.36337936
600048.SH,20090918,20091231,87,102,16,0.0610808385320934,1.1008221791250001,-0.028808968384093903,-0.10654554338362957,-0.07732419089441823,0.07242158849492507,1.084520058,0.99196608,-0.08534095549203764,-0.7351012244289644,-0.7752073941883174,-0.04062500000000001,0,0,0.951667458
600048.SH,20120608,20120608,171,171,1,0.09772560528246503,0.33472554000000004,0.2033966841892438,-0.42118344819452674,0.2033966841892438,-0.42118344819452674,0.33472554000000004,0.33472554000000004,0.0,6.603267202138205,6.994909740081381,8.64926184001376,1,1,3.22985438
600048.SH,20130719,20131101,227,242,16,0.042173580425859954,2.60006215,-0.037078157530687515,0.48280827159047146,-0.05334588714757617,0.1741781479664744,2.5635479599999997,2.4426734,-0.0471512770137524,-0.20515463917525772,1.2417145575008106,2.4955995508855175,0,1,8.53860804
600048.SH,20170303,20170616,359,374,16,0.0487937491830233,4.7842930656250005,0.029126745140980202,-0.0801462535722726,0.02925147603534607,-0.09577060311307324,4.61022327,5.4613366800000005,0.1846143581675169,0.2492012779552715,0.457933972310969,0.9616613418530353,1,1,10.713293040000002
600048.SH,20180824,20190329,435,464,30,0.059053515735329666,8.708332179999998,-0.03370642809018779,0.17306944980302016,0.06141123451945921,0.07591831948974374,7.567227560000001,9.90144224,0.3084636561398715,0.08955943270745191,0.30450626756370397,0.30450626756370397,1,1,12.91649346
600048.SH,20190524,20190712,472,479,8,0.08094360030322664,9.521052862500001,0.08191538642205548,0.036358713562987845,0.10238958513776406,0.035758018464303945,8.74024782,10.10229735,0.15583648862716115,0.10553505535055344,0.2961283029349753,0.316081016957989,1,1,13.295441769999998
600048.SH,20200619,20200703,527,529,3,0.09395543411211212,12.747671200000001,0.08279416682654658,0.11093636275397199,0.07741474486297391,0.11131687401871583,12.197552640000001,13.697114400000002,0.12293956043956047,0.06422018348623829,-0.10578288372914525,0.06666666666666664,1,0,14.610255360000002
600048.SH,20201023,20210514,545,574,30,0.07272155537572672,12.72821922,0.08002273701994057,0.11122283593828163,-0.10461265743299974,0.0078272582782276,13.7390016,11.52124818,-0.16142027525493552,0.017157218290214795,0.27763954651656486,0.27763954651656486,1,1,14.720002299999999
600048.SH,20211112,20211203,600,603,4,0.08856673679499928,12.6897317125,-0.0966798499646948,-0.06483817047924409,-0.03888464435892428,-0.059667526107396854,12.86054255,12.7481101,-0.008742434431741764,0.11194029850746269,0.2899950832712058,0.3576187571520895,1,1,17.30707339
600048.SH,20211217,20220107,605,608,4,0.09207381898286265,13.366488575000002,0.029168134645881628,-0.05394249736090783,0.11380412947408895,-0.04338649267246616,12.48000195,13.96756975,0.11919611919611911,-0.03839009287925693,-0.05676216723385246,0.23908981302921364,0,0,17.30707339
600048.SH,20221125,20230512,652,675,24,0.06658443056897671,14.2171938825,0.05829570695427974,0.1309220242247081,-0.0960869170474836,0.02486030704618146,15.77970308,13.25907355,-0.1597387173396675,-0.10099179214523629,-0.3472261687544527,0.039816722338040046,0,0,13.787006400000001
600048.SH,20230825,20230922,690,694,5,0.095650696674109,13.195314042000001,-0.0987497667220489,-0.03346035758266868,-0.08149883543075818,-0.03979259675589412,13.38488538,12.78170385,-0.04506437768240347,-0.28239700374531834,-0.3116104868913858,-0.04569288389513104,0,0,12.19767094
600048.SH,20241018,20241018,748,748,1,0.09980897803247357,10.25632824,-0.02708122902324941,-0.12825499732887072,-0.02708122902324941,-0.12825499732887072,10.25632824,10.25632824,0.0,-0.17000955109837632,-0.24068767908309455,0.0678127984718243,0,0,10.95183856
600196.SH,20090430,20090522,67,70,4,0.09403833352994703,3.750730945,,,,,3.82558568,3.7354693,-0.023556231003039513,0.6056581699118768,0.8374767529209781,0.9165466572031522,1,1,7.159201199999999
600196.SH,20100806,20100806,132,132,1,0.09990964630878663,9.0964629,0.0810375871465882,0.22204019516911663,0.0810375871465882,0.22204019516911663,9.0964629,9.0964629,0.0,-0.052742616033755345,-0.18002812939521803,0.0414908579465541,0,0,9.47388295
600196.SH,20110225,20110603,161,175,15,0.07275587386878826,7.653310979999999,0.10182310974024528,0.12407743935917828,-0.1453620714184095,0.0388800630234775,8.1113326,7.03024805,-0.13328075709779189,-0.1527108606075428,-0.21638489412902,0.042766151046405895,0,0,7.3309047000000005
600196.SH,20120525,20121123,224,249,26,0.055456139376804374,5.917732962692308,-0.028436755412824744,-0.1361301952227881,0.030802311893823372,-0.045322202445653,6.004401540000001,5.2925618000000005,-0.11855298738065412,0.2134715025906736,0.4063334772963822,0.4063334772963822,1,1,7.4431068400000004
600196.SH,20121221,20130308,253,263,11,0.0678313017586885,6.0055494000000005,-0.029860042604443818,-0.038301015927578605,-0.05334869928520725,-0.004977369770427151,5.27610824,6.554001400000001,0.2422037422037423,-0.032635983263598345,0.7128423042448541,0.7165841771104903,0,1,11.250495100000002
600196.SH,20130403,20130510,267,272,6,0.09293613156192909,6.605190253333334,-0.01046447585827043,0.019446288854887608,0.08492851375100938,0.04721299021802006,6.471733600000001,6.888557120000001,0.06440677966101685,0.2362592327607787,0.9153562771066925,0.9153562771066925,1,1,13.194041120000001
600196.SH,20130614,20130906,277,289,13,0.0695460176257207,6.374323516923076,0.16005271635671406,0.06396665819083844,0.0752502785255706,0.04069903216881335,6.43882648,7.038456880000001,0.09312728054755726,0.5635888501742158,0.6742160278745641,0.9773519163763064,1,1,13.9175062
600196.SH,20151030,20151030,399,399,1,0.0955710500507091,21.368918949999998,0.01772420926441956,0.18841165027066104,0.01772420926441956,0.18841165027066104,21.368918949999998,21.368918949999998,0.0,-0.19911682055399435,-0.1717353151362858,0.055800883179446134,0,0,22.5613235
600196.SH,20151211,20160115,405,410,6,0.07715088040281397,19.64322075833333,-0.038212314658444525,0.16127746022393988,-0.08198469929218799,0.1330737028520721,21.62627245,16.95959565,-0.2157873859579531,-0.056145675265553974,0.15705091353401443,0.1782018234615164,0,1,19.981826520000002
600196.SH,20160826,20160914,441,444,4,0.09053588565133243,19.09931623,-0.07475416153348402,-0.07481702706345317,-0.016125936117457062,-0.07730218894674615,18.84862624,18.9138464,0.0034602076124566985,0.07887931034482762,0.2879310344827584,0.425,1,1,26.95223112
600196.SH,20161014,20170203,447,463,17,0.06660478990002938,19.354562039999994,0.055156126652976194,-0.07739845167167479,0.14249115907835821,-0.029846627929215667,19.02798168,20.5035878,0.07754927163667515,0.23220675944334002,0.6783637861662436,0.9143222460802692,1,1,39.25047425
600196.SH,20180810,20180810,541,541,1,0.09739365995569883,31.46515616,-0.014186132038642107,0.15660767979213305,-0.014186132038642107,0.15660767979213305,31.46515616,31.46515616,0.0,-0.3541129782843575,-0.3456604856716528,-0.08042709679022925,0,0,28.934505
600196.SH,20190823,20200403,593,624,32,0.04552175170512054,24.476822645,0.005149046146247583,-0.14728164014409828,0.03862062470149865,0.006042524755247663,24.86044,30.04673152,0.20861624009872717,0.8079808588777909,0.6035661472173329,1.2410860014899885,1,1,67.33730940000001
600196.SH,20210430,20210507,680,681,2,0.07079818613616726,55.245718175,-0.13509774885002526,0.2030204754418508,-0.1314629693043037,0.1990548811586377,57.9337116,52.55772475,-0.0927954847277557,-0.0258036598131087,-0.2157998867711639,0.5251853983652518,0,0,80.16027436
600196.SH,20211224,20211231,714,715,2,0.08865706259905985,48.406506665,-0.09099276678539844,0.04408690901686813,-0.13324550649540612,0.03102425383685314,48.900900150000005,47.91211318,-0.020220220220220356,-0.12995504699632207,-0.3701953995091978,0.1272987331426237,0,0,54.01126449
002415.SZ,20160617,20160715,144,148,5,0.08764013463151028,7.935681036000001,-0.08309319045876323,0.4986911198329893,0.00372814933710697,0.4860029671160642,7.3787788800000005,8.807718540000002,0.19365530303030315,-0.05632685442284831,0.4676715589051961,0.4676715589051961,0,1,12.926838
002415.SZ,20170113,20170126,173,175,3,0.09598143081853004,8.8100477,0.10969227374431256,0.016182024504590983,0.08503489264789087,0.01462279876155889,8.5247256,9.12914262,0.07090163934426225,1.6800196818482829,2.364819663645478,2.595622620473422,1,1,32.82495171
002415.SZ,20180803,20180817,253,255,3,0.08522583855241816,26.65544435,0.011954488016150865,0.2796429229679574,-0.008808617521801263,0.241879934473376,25.91333745,26.4397156,0.020313020313020288,-0.03851174934725844,-0.2379235955170411,0.17003916449086168,0,0,30.93550275
002415.SZ,20190426,20190517,289,292,4,0.07882797163885658,26.383626125,0.06893335594370043,-0.02935906497316559,0.13718726105588838,-0.036044025049357144,27.440697,24.1788783,-0.11886792452830186,0.006562586486900766,0.23756702311537742,0.3844446539110128,1,1,33.4743188
002415.SZ,20190830,20190912,307,309,3,0.08746248782782635,26.259914336666668,-0.1251976377954534,-0.10063969086593472,-0.1495503875881633,-0.10317300914068729,24.527939319999998,27.3678495,0.11578266494178528,0.10950535152570187,0.024317182831628904,0.22312565333275458,1,1,33.4743188
002415.SZ,20191018,20200117,314,327,14,0.045782084281969906,26.35865866357143,-0.13463498334490798,-0.08985019886254707,0.13084754528064502,0.0026981189749516942,24.14716924,30.305303340000002,0.25502509378196586,-0.1636474244906866,0.36094350507827644,0.36094350507827644,0,1,41.24380575
002415.SZ,20200403,20200403,337,337,1,0.09041798241416606,26.15074956,0.12385571724549736,0.054450346657690836,0.12385571724549736,0.054450346657690836,26.15074956,26.15074956,0.0,0.21907622291496565,1.082308706871345,1.082308706871345,1,1,54.4539335
002415.SZ,20200417,20200724,339,353,15,0.07811458787606211,26.39571881133334,0.10619456104446104,0.05074082519573927,-0.05404924530680644,-0.016598467923085336,25.69196448,28.243314750000003,0.09930537900229901,0.3642581028843296,0.9417773829114726,1.184663225480642,1,1,61.702131099999995
002415.SZ,20211029,20220114,419,430,12,0.07953305290643241,47.95351041666667,-0.021492866071788467,0.2121426813422704,-0.13342048573471318,0.11672437593383056,49.320375,45.583124999999995,-0.07577497129735943,-0.3040774551986069,-0.3995527913016056,0.024637681159420364,0,0,46.7061875
002415.SZ,20230303,20230317,486,488,3,0.09445680489591489,35.97033073666667,0.04501297646546642,-0.15953156060891008,0.08309558892685831,-0.15118444747138216,36.14784109,37.04763495,0.02489204978409964,-0.10127419888108148,-0.17340675750747225,0.12961586121437405,0,0,41.849596059999996
002415.SZ,20230616,20230616,501,501,1,0.09954970995936616,33.1823506,0.2158569576693955,-0.08813603077897297,0.2158569576693955,-0.08813603077897297,33.1823506,33.1823506,0.0,0.016220830961866814,-0.12009106431417182,0.058053500284575885,1,0,35.108702199999996
002415.SZ,20230721,20240126,506,532,27,0.042876589088779365,32.163216874074074,0.12649137153033108,-0.06788500503000616,-0.03266702125519178,0.035805754356699956,31.5581718,29.933992999999997,-0.05146618791143037,-0.0039881608845166545,0.011801091822263772,0.1255520504731861,0,1,33.692267199999996
002415.SZ,20240223,20240726,535,557,23,0.06415805141087373,30.820062507826087,-0.0182846310201101,0.03760826971164856,-0.04528992411973065,-0.04703451953563689,32.6629911,28.502807100000002,-0.12736690241451884,0.04500846023688658,-0.030456852791878247,0.13570219966159053,1,0,32.37070072
600276.SH,20090313,20090619,60,74,15,0.06688607202204551,1.8901058159999997,,,,,1.84717824,2.0668056,0.11889884540865954,0.2877094972067041,0.679068597452997,0.679068597452997,1,1,3.4703083799999996
600276.SH,20110415,20120106,168,205,38,0.05169383589324671,4.1239899476315784,0.0846951735817109,0.15487446149508965,-0.035572278184418875,0.027539861319325697,3.9443668599999997,3.5758071,-0.09343952352342796,0.07956756951458605,0.20040871332237145,0.25882860403739344,1,1,4.50132826
600276.SH,20120504,20130201,221,259,39,0.07336607187030124,4.177676676666666,-0.1075820506555906,-0.05679812523568716,0.049673210552655826,0.009912517604773314,3.78052374,4.55140661,0.20390901446898463,0.04297574063592623,0.22956314377721562,0.33849780123248535,1,1,6.09204774
600276.SH,20130503,20130719,271,282,12,0.07338257198900773,4.669652224166667,0.054516427190992124,0.0496501827478399,0.06997750699592985,0.07805284351514002,4.43980343,5.450515080000001,0.22764783755302428,0.10633066994468345,0.024892440073755358,0.19237861094038086,1,1,6.4990776
600276.SH,20140509,20140606,324,328,5,0.08154266424930282,6.125016982,0.06037112542968125,0.10873186004103233,0.03027959141058675,0.0996003730233732,5.70679314,6.395390160000001,0.12066269148140184,0.18461070559610715,0.3409367396593674,0.3409367396593674,1,1,8.57581363
600276.SH,20140718,20140905,334,341,8,0.0896739565050049,6.506259150000001,0.011452332985750996,0.09142397547288694,0.04228901301374138,0.10351764093063996,6.177542320000001,6.69298587,0.08343828715365233,0.1830863121185703,0.7567112105676685,0.8235977913397269,1,1,12.20531425
600276.SH,20160401,20160819,422,442,21,0.055529967385087815,13.663064980952383,0.03597333856106642,0.19609971656679442,0.02469582437348827,0.10281744401802168,13.34628645,15.02565714,0.12583055940628346,0.05713000449842561,0.430720602746297,0.430720602746297,1,1,21.49751724
600276.SH,20160914,20161021,446,450,5,0.08922064548976723,15.122313413999999,0.06246998269837987,0.08514111095167251,0.11274774189668998,0.07215686250039567,14.42409012,15.748889400000001,0.09184629803186507,0.11502145922746784,0.3380592780085178,0.37089017591297563,1,1,21.58999776
600276.SH,20170106,20170126,461,464,4,0.09346070113379208,15.75564858,0.1275877273712438,0.06486409618568849,0.11626088459113987,0.056924802917345516,15.542734410000001,16.16457897,0.04000869754294409,0.303649641547082,0.7610842554472051,0.8710870079655407,1,1,30.245333700000003
600276.SH,20181116,20181228,556,562,7,0.06361783710364145,32.9598479,0.016994691349995,0.18417800378112967,-0.11435431414553127,0.12475133621797284,35.0200893,29.647082500000003,-0.15342641630556889,0.42210077096118953,0.9279348772345472,0.9279348772345472,1,1,57.15764436
600276.SH,20190125,20190315,566,572,7,0.08122669420950786,37.2208382,-0.15383970017020737,0.09246160579613884,-0.10202861260181341,0.07811185315274345,33.154149700000005,40.1963856,0.21240888286150175,0.12852345211854058,0.4238159223947737,0.5642063996918171,1,1,62.8754436
600276.SH,20190621,20190628,586,587,2,0.09774892045613678,44.7317746,0.23521568847524263,0.09498150313569578,0.25609159393622877,0.0961432107866471,44.697861200000006,44.765688,0.0015174506828526226,0.3481818181818183,0.4727297657080577,0.4727297657080577,1,1,65.9277612
600276.SH,20201204,20201218,661,663,3,0.09203697362281134,78.52980210666665,0.10306351318747094,0.15432879040094358,0.07890592316072687,0.14393042308635415,75.09782387999999,86.89045193999999,0.15703022339027595,-0.2034290809329169,-0.4276174148070612,0.08849138746924111,0,0,94.57950859
600276.SH,20210611,20210618,688,689,2,0.09201220758737255,71.4878914,-0.04136462792163541,0.07221358981627472,-0.05690270203552205,0.06666219275130314,72.24039551999999,70.73538728,-0.020833333333333266,-0.26441769316909297,-0.5250559910414334,-0.04731243001119817,0,0,67.38872422
600276.SH,20221111,20230217,760,773,14,0.06365742252268433,39.75768544,0.056682093508796154,-0.1758170315519158,0.15101306649202173,-0.0934399867165197,38.67782272,43.559393920000005,0.1262111167771546,0.08135250014057122,0.03743393268957592,0.11616877381933952,1,1,48.6196353
600276.SH,20230915,20240126,803,821,19,0.06426135325735535,44.144510758947376,0.06812697942895359,0.09594842740586175,-0.027517655330508116,0.05869701916044955,43.217453600000006,39.946407799999996,-0.07568807339449564,-0.046862018466651625,0.1883132530379868,0.30290949966219494,0,1,52.046554199999996
600276.SH,20240208,20241011,823,857,35,0.05513643040071808,43.446004878000004,-0.022376207628403227,0.05494085187793252,0.006964647265347705,-0.021134309800420775,41.50263262,49.9567308,0.2037002870975948,-0.09003984063745027,0.1289769986309832,0.17621788013398176,0,1,58.76
600276.SH,20241115,20241129,862,864,3,0.09372565154001596,48.64976188,0.04744915569821015,0.0016565235194805357,0.07161638676632061,0.011473015003236746,47.468845800000004,50.44435626,0.06268343815513616,-0.008285657920694361,0.36804203911948197,0.436632467395868,0,1,72.47
600028.SH,20090612,20090724,73,79,7,0.07204710847772768,3.6105523228571426,,,,,3.3920299999999997,4.46204349,0.315449300271519,0.07661363246820348,-0.23750227723576053,0.1677818384508842,1,0,5.21069335
600028.SH,20110701,20110805,179,184,6,0.07875020904463599,1.8613291316666667,-0.0156882044938414,-0.267380620530224,-0.04045917727981898,-0.24497795978920006,1.92770698,1.7462480100000002,-0.09413202933985318,-0.26273352202703454,-0.3378992025308021,-0.009446693657220088,0,0,1.72975174
600028.SH,20130719,20130927,282,292,11,0.07187150459062262,0.8415665654545457,0.08262738293821317,-0.17121161876486807,0.06541880840438465,-0.1390874938314209,0.82724165,0.8803454400000001,0.06419380600577847,0.1283783783783782,0.6565485930159413,0.7360629254807066,1,1,1.5283350800000002
600028.SH,20140214,20140221,312,313,2,0.09384847442454855,0.9457765200000001,0.13377698865831475,0.03799167461931542,0.12983687392222762,0.04777264519991796,0.8981902800000001,0.99336276,0.10596026490066211,0.4592705186572526,1.2840340823728882,1.2840340823728882,1,1,2.2688743999999996
600028.SH,20161014,20161028,449,451,3,0.08579133174604259,1.7109053866666668,-0.0024453099417124148,-0.21735851375085885,0.010981080238318406,-0.22824399855572064,1.6948942400000002,1.7189109599999999,0.014170040485829757,0.1576846307385231,0.7910700854452637,0.8477873048176973,1,1,3.1761818500000003
600028.SH,20161111,20161125,453,455,3,0.09402729536216418,1.7234855733333332,0.014919965538573653,-0.23024655546652928,0.037853712375110156,-0.226217260002883,1.7189109599999999,1.7497896,0.017964071856287466,0.1372549019607844,0.7477332131817449,0.8151792935562083,1,1,3.1761818500000003
600028.SH,20190201,20190606,567,584,18,0.04938540637271938,3.736680773333334,-0.005619194948761497,0.0864659817815696,-0.07024958927634982,0.037117598906320326,3.74610768,3.57642336,-0.045296167247386755,-0.14412022798106328,-0.2132231571152694,-0.06212228744641696,0,0,3.35424776
600028.SH,20200103,20200214,614,619,6,0.08876400373945705,3.12092616,-0.08969211358474216,-0.0903653796571891,-0.04805780158528652,-0.09106212638214373,3.3026668399999997,2.95171932,-0.1062618595825426,-0.19606774806759067,-0.17089589670063876,0.01698513800424631,0,0,3.00185468
600028.SH,20210210,20210618,671,689,19,0.06027648165210061,2.6227084273684214,-0.011347034199237773,-0.09070639964106009,0.1209046716228448,-0.04984794399027804,2.4797322,2.87115992,0.1578508034053033,-0.008487308502133192,0.05664856174225214,0.10730979415455186,0,1,3.1792635
600028.SH,20210820,20210910,698,701,4,0.08448996161899544,2.7873903799999997,0.08368297182586598,-0.008458306134043098,0.08627693351650395,0.009062902670294797,2.60178336,2.9894228000000003,0.148989898989899,0.042651109772762784,0.01957595292308592,0.06350413196821791,1,1,3.1792635
600028.SH,20211210,20220930,714,755,42,0.06351645952378546,3.0461570219047616,0.0846658580421994,0.0786428768999454,0.052734797279747836,0.054913508274666956,2.922983,3.35605413,0.14816067353111534,0.21445221445221457,0.6490208040833955,0.7543895455583729,1,1,5.8878262800000005
600028.SH,20221104,20221202,759,763,5,0.08910881893108638,3.4045565439999996,0.06410036223652363,0.05932174328087781,0.08541648319967254,0.056998625159294464,3.3091163100000003,3.5203365,0.06382978723404245,0.4644444444444444,0.606653500311689,0.6725180334323155,1,1,5.8878262800000005
600028.SH,20230106,20230217,768,773,6,0.09607620865872653,3.5020829033333336,0.10564180967174853,0.05612300723318071,0.11529209221077202,0.06322671477046257,3.42646086,3.5359824399999997,0.031963470319634577,0.6651175111604912,0.4021647347321103,0.6651175111604912,1,1,5.8878262800000005
600028.SH,20240105,20240223,818,824,7,0.07484835370853941,5.232540805714286,-0.019323045620973374,0.1646727596300869,-0.06736221115614296,0.14153275204816265,5.09399048,5.77379348,0.1334519572953736,0.061594690082333765,0.06893737217632527,0.16065586744886473,1,1,6.70138728
600028.SH,20240517,20240809,836,848,13,0.07370861089126611,5.87405609076923,0.0691874885540456,0.14740878696173648,0.13180074740441347,0.09988977417604133,5.74660136,6.186007839999999,0.07646371350178355,0.02261081356793116,-0.11435988901042174,0.08331373857424666,1,0,6.70138728
002230.SZ,20110805,20110909,165,170,6,0.07589245266414532,5.3757648,-0.08434627430468576,0.24272042712986858,-0.11924807838887772,0.18430514235230006,5.7111984,5.1580272,-0.09685729005667174,-0.010268111808328534,-0.05342545304918137,0.1919566457501425,0,0,6.1481448
002230.SZ,20120406,20120615,198,208,11,0.07686346021441594,5.216790525454546,-0.046857617713680876,-0.04578337026578777,0.049582637047225514,-0.0726786596439293,5.531712000000001,4.79743406,-0.1327397268693672,0.19982277359326547,0.639344262295082,0.639344262295082,1,1,7.864646
002230.SZ,20120824,20120907,217,219,3,0.07706082140211358,6.005472026666666,-0.04334560387591426,-0.07275104654992966,-0.0290344767187045,-0.06830013839720285,5.6561683799999996,6.2492052,0.10484780157835401,0.18707482993197286,0.6411564625850341,0.6411564625850341,1,1,10.2559235
002230.SZ,20121214,20130104,232,235,4,0.08614588701540388,5.997855365,0.07625060715760776,0.002766091070335231,0.18177676392807493,0.028817743141446757,5.67954976,6.11316808,0.0763473053892217,0.5448539638386647,0.6443019296142106,1.120653685674548,1,1,12.96391242
002230.SZ,20140430,20140430,303,303,1,0.09981444955879042,10.12534824,0.05586040510549703,0.19996125662142153,0.05586040510549703,0.19996125662142153,10.12534824,10.12534824,0.0,0.2505002000800321,0.513405362144858,0.513405362144858,1,1,15.32375632
002230.SZ,20140620,20141017,310,327,18,0.07661743877456902,11.142565097777778,-0.02707684343581164,0.14296472052129094,-0.019061892160497067,0.036460684259493954,11.085615359999998,11.879760319999999,0.07163742690058486,0.4665757162346521,0.3055934515688951,1.3209413369713507,1,1,27.5722268
002230.SZ,20141031,20150206,329,343,15,0.07012027153206708,12.053175647999998,0.025974964618650297,0.0361979865386091,0.16651389566065344,0.037637688560841306,12.041830719999998,13.273565759999999,0.10228802153432036,0.010989010989010981,0.07417582417582412,1.0772283272283274,1,1,27.5722268
002230.SZ,20151127,20151204,384,385,2,0.0934512248727804,14.30879044,-0.2807900364825768,0.08006852017591976,-0.2832862380117022,0.07338867117579388,14.258143439999998,14.359437439999999,0.007104290991759101,-0.08747178329571095,-0.1554740406320541,0.08634311512415356,0,0,15.599276
002230.SZ,20161014,20161230,420,431,12,0.07307594170853886,11.767661626666666,-0.04060456742158645,-0.14921528533871528,-0.004005181170535585,-0.14496903664385155,11.879760319999999,10.976217839999999,-0.07605729877216921,0.7391028174054536,1.9089707106250364,2.6032163689273142,1,1,39.54968779
002230.SZ,20170210,20170324,437,443,7,0.08043870540361896,12.984733154285715,-0.05087669823996811,-0.0783219310441755,-0.023548477782739028,-0.04922969998841647,11.932433199999998,14.69978528,0.23191850594227523,1.6049645808159723,1.814230068808188,1.9844210880881654,1,1,43.87034918
002230.SZ,20180615,20180706,506,509,4,0.07932307665351457,31.692993667499998,-0.05829631517346328,0.3074684065932462,-0.054400947205148244,0.277318083050974,34.770007109999995,30.393157439999996,-0.12588003379329765,-0.21607702500026907,0.03466304420920364,0.2120704494991753,0,1,36.838648
002230.SZ,20190517,20190531,552,554,3,0.09076797511159312,28.46519573333333,0.2102050972565139,-0.06324448419347344,0.23999296633473147,-0.06370944524605004,29.0329424,28.302982399999998,-0.02514247401944358,0.15314600556017735,0.2545050125176914,0.4491039131621693,1,1,41.01396255
002230.SZ,20190621,20190912,557,569,13,0.07868941780567709,31.975991384615387,0.2567677001388244,-0.058328001065677204,0.020592351871812818,-0.046242778586976965,31.6024016,33.6560224,0.06498306128734208,0.11699718502683189,0.11349926217068385,0.21862179857593644,1,1,41.01396255
002230.SZ,20191011,20191101,573,576,4,0.09070577353264671,33.074093575,-0.0013003699862221816,-0.028532868714832845,0.021370696220226575,-0.006739587737871479,32.9747264,32.8432312,-0.003987757120556529,0.038411847857405604,0.16260198996498257,0.24877976531127682,1,1,41.01396255
002230.SZ,20191122,20200123,579,588,10,0.08142411968513034,33.508608851000005,0.004220778474287123,0.0037386708886584315,0.0759880558945907,0.06618135315013628,33.3919248,34.487009369999996,0.03279489207522405,0.04249524434771258,0.21405952458208197,0.21405952458208197,1,1,41.8692822
002230.SZ,20200424,20200717,600,612,13,0.07591365523755081,34.38920080384616,0.0975272547749609,0.114302168753324,0.017691268882019485,0.03868479616368219,33.06597602,36.60122228,0.10691492239218048,0.030612244897959235,0.37303163445065124,0.44253176426981305,1,1,52.79842574999999
002230.SZ,20200731,20201120,614,630,17,0.06242984240756819,36.656724228235305,-0.009751227918054177,0.03140082469110727,0.04956070350376462,0.058541592613707144,35.99185714,40.21809924,0.11742217367558712,0.13506556407810963,0.22316556599157666,0.6294056944099381,1,1,65.53159992
002230.SZ,20201211,20210115,633,638,6,0.08463031716310032,39.91449829166667,0.061647864582273386,0.053881854983164286,0.07067180021906959,0.05179357069604096,37.721667860000004,43.5204951,0.1537266926139568,0.31680190375407763,0.28759035372279124,0.5057641180189608,1,1,65.53159992
002230.SZ,20211210,20220121,685,691,7,0.07184070863519575,50.21213765142857,-0.0039726529382029105,0.13724846232608748,-0.06251992307965565,0.11758040282298357,53.4343752,47.48508324,-0.11133828996282522,-0.1277364558748535,-0.2718949817302668,0.0654674754235514,0,0,50.593811759999994
002230.SZ,20220225,20220318,695,698,4,0.09258640110693396,47.82773861999999,-0.08376659013238105,0.10637127689343477,-0.0933045661938952,0.09289741838025736,48.95502516,47.05800552,-0.03875025360113606,-0.1312045381391251,-0.28447177928759787,-0.018995356690586947,0,0,46.16412191999999
002230.SZ,20231208,20231229,785,788,4,0.0826622428646952,47.13630251000001,-0.15777441425603975,0.10169172111545058,-0.2229903051640069,0.08367102844372841,48.3001926,46.23659304,-0.04272445820433437,-0.09012505390254415,-0.011199407567768408,0.1334626994394135,0,0,52.40745356
600519.SH,20181228,20190201,127,132,6,0.0699246626682355,436.46477941833336,0.022011851215648352,0.22350126517994423,-0.04550821594045791,0.15504008593592558,397.82781273,467.04867891,0.17399705089744236,0.6897765749854096,1.017956462695864,1.0701799590922647,1,1,966.874815
600519.SH,20210806,20210813,261,262,2,0.08833421104851222,1547.77762008,0.024590849338865562,0.1943489810046769,0.011280409389313663,0.18627394044527856,1534.444209,1561.1110311599998,0.01737881508078982,0.1423260629161668,0.05056351615256124,0.29061080915743176,1,1,2014.78677111
600519.SH,20210930,20211217,269,280,12,0.06018248977538015,1743.9166578525,-0.07806059118008955,0.11535229256829803,-0.08044762074808637,0.0470007615017047,1680.45057,1883.1147452999996,0.12060109289617467,-0.12224606232018327,-0.1446257062984295,0.06992246549958572,0,0,2014.78677111
600519.SH,20220114,20221021,284,322,39,0.055708144150428206,1704.421982447692,-0.00939636691231343,0.05096401455167773,0.048670375609869435,-0.005971796453604307,1714.4268929999998,1505.451248,-0.12189242122440258,0.0946198145235452,0.14514502033213614,0.18448206301530115,1,1,1783.1799999999998
600519.SH,20230106,20240628,333,407,75,0.03918065051123911,1624.5679481778668,-0.07557544633800053,-0.012640602173312789,-0.023831742684966864,-0.013991746729621845,1671.1983163099999,1416.6652624800001,-0.15230571461561057,0.02755232078724798,0.08743268962716487,0.19123068850135258,1,1,1687.575136
000858.SZ,20190104,20190222,272,278,7,0.07695311169331277,36.57155679999999,-0.03389665225890705,0.11486927546013848,-0.11099472868949346,0.0824949839105413,31.280299099999997,43.251927499999994,0.3827210335082761,1.185352920514352,1.3435199404697054,1.531745851095307,1,1,109.502888
000858.SZ,20230421,20230505,491,493,3,0.09063430266829468,158.88102594,0.15603415210188826,-0.053724510837027964,0.16773238060339554,-0.051663143301237356,159.279224,160.86275582000002,0.009941860465116397,-0.09041818502895281,-0.1691398398672542,0.055720904781898443,0,0,169.82617412000002
000858.SZ,20230616,20231013,499,515,17,0.05614830059047856,155.80045463882357,0.10516519164606267,-0.03371025131388705,-0.11663587990067636,-0.010273244191870841,168.07498032,144.00262242,-0.14322392216954813,-0.0074204256981058175,-0.17969065760851155,0.0393152379092625,0,0,149.66411978
000858.SZ,20231124,20231124,521,521,1,0.09908073909876744,143.62768882,-0.09537627801113933,-0.021155140775549825,-0.09537627801113933,-0.021155140775549825,143.62768882,143.62768882,0.0,-0.006395614435815443,-0.2739561928710843,0.020753116230503136,0,0,146.60841094
000858.SZ,20240517,20240621,545,550,6,0.08246614497776804,134.73863805333335,-0.08216025160229043,-0.06992643253068698,-0.011289254731726645,-0.08551399073517693,146.60841094,122.0408868,-0.16757240585640307,0.18381333369662145,0.0549539861259023,0.2716075408753914,1,1,155.18811195
000858.SZ,20240930,20241018,565,567,3,0.08265234412359602,144.8842554,-0.07240568747669228,-0.08716530229613016,-0.0807799028090809,-0.08516531188357586,155.18811195,136.55713500000002,-0.12005415051381446,0.005664683870234921,-0.11392399965040285,0.09419580419580408,1,0,149.42024415
000002.SZ,20100402,20100416,114,116,3,0.07951394303730035,1.9998217999999996,-0.15544062718056073,0.2054209655343662,-0.16900589652022252,0.181647131110578,2.0785381899999997,1.9232328799999998,-0.07471852610030703,-0.6030072291609324,-0.45338914442852074,-0.12278761061946905,0,0,1.6870837099999998
000002.SZ,20140314,20140430,204,211,8,0.05549285502005604,2.3075791275000004,-0.18056918547595685,0.30758776766484647,-0.17725067385444745,0.24143765164923636,2.19464109,2.3024787000000004,0.049136786188579126,3.2469715355021522,6.361187836395619,6.361187836395619,1,1,16.9489782
000002.SZ,20170428,20170707,275,285,11,0.0586615530772542,13.005222449999998,-0.13040408684862034,0.37444282099259435,-0.1014356720779912,0.24215730001843264,11.9229825,15.0779871,0.2646153846153846,0.48074878774766977,0.41023694071206634,0.9882354614827865,1,1,29.97858864
000002.SZ,20170811,20170908,290,294,5,0.08091264864603134,15.608409024,-0.025105447366059352,0.20074047107749524,0.0864188402077697,0.18972181243461836,13.463798699999998,19.309385640000002,0.4341707025076069,0.21248545948041866,-0.04614191547111289,0.5525397440868552,1,0,29.97858864
000002.SZ,20190125,20190404,364,373,10,0.077462350548649,22.170931896000003,0.0030168685498032526,0.016869706947481182,0.1554712079607627,-0.02831476727808447,20.415654900000003,25.20277398,0.23448275862068946,-0.12865279760763856,0.06309048524824336,0.11858338976382786,0,1,28.19140435
000002.SZ,20190614,20190712,383,387,5,0.09714497450342066,22.39464367,0.16618069815195075,-0.04197444443319304,0.1565110861182519,-0.0344519415943495,21.84709737,23.19249685,0.06158252774794133,0.02247685419002207,0.016426465527362977,0.21553985896089484,1,1,28.19140435
000002.SZ,20190816,20191220,392,410,19,0.07610369347857628,23.098703840526312,0.09652330736889231,-0.012492794011428679,0.013508148911830243,0.07717082438198221,22.36893156,26.965287359999998,0.20547945205479443,-0.1792814285810747,-0.0697964473685474,0.045470199283646776,0,0,28.19140435
000002.SZ,20200327,20210312,423,473,51,0.05573304252362968,24.993847370784312,0.11085690252350948,0.09582711421097358,0.08486377906104436,0.03823174394392883,23.37115799,28.307085269999998,0.21119737764435856,-0.3299460146078119,-0.36040552153959005,-0.009209272785011094,0,0,28.0463976
000002.SZ,20210402,20210611,476,486,11,0.0784053434663175,24.859306963636367,0.07795183363099986,0.03638944961567589,0.003884232752896531,0.008938132579988354,26.96769,22.73376267,-0.157,-0.27740533063284595,-0.16224433955525228,-0.02846975088967978,0,0,22.08653811
000002.SZ,20220930,20221021,553,555,3,0.09629710210038095,16.282508586666665,-0.0916934017583423,-0.12053459013139013,-0.09275847003358947,-0.11110785538088787,17.064094519999998,15.49454236,-0.09197980931015128,-0.023471278567016616,-0.10349960152033826,0.2637430512662137,0,0,19.58112024
000002.SZ,20221209,20221216,562,563,2,0.06947714757219345,19.064316480000002,-0.07709170695034889,-0.08442004090066416,-0.06651441406572059,-0.07894419953766146,19.58112024,18.54751272,-0.052785923753665705,-0.24974200206398356,-0.32120278389543544,-0.00825593395252844,0,0,18.39438568
000002.SZ,20230113,20230324,567,576,10,0.06524179765490634,16.428617304,-0.024476996129621027,-0.05347242262627631,0.024407010522080327,-0.03439692374024432,17.97328632,15.130865640000001,-0.15814696485622995,-0.1001870405875867,-0.35892630132429104,0.0006325110689436523,0,0,15.14043608
000069.SZ,20110304,20110325,160,163,4,0.07293269959291551,4.073092904999999,-0.02363184079601984,-0.16675467867213659,-0.005849992251665897,-0.15298149573795405,3.9473204399999995,4.25138574,0.07703081232493009,-0.054712146632923495,-0.11713681619490031,0.10580843224073092,0,0,4.7012182
000069.SZ,20110909,20111014,187,191,5,0.08240923234270386,3.7479758,0.11046018919637761,0.029253803548475756,0.026493719515169472,0.0311228129305606,4.0187833,3.4771682999999998,-0.13477088948787067,0.1121495327102803,0.18003197026730067,0.39929466744534625,1,1,4.86558306
000069.SZ,20111111,20120629,195,227,33,0.04164002326026839,3.9901592487878785,-0.014724959864795687,0.0381205381088504,0.09300762131754763,0.029502062898573437,3.6829819999999995,4.42199714,0.2006567341355458,-0.10344827586206906,-0.09717868338557997,0.1865203761755487,0,0,5.246789710000001
000069.SZ,20120810,20121228,233,252,20,0.059499111868997444,4.0875749425,0.09264049237875666,0.02103253747576088,-0.03012031849163319,0.005389774510664956,4.13782491,5.00420366,0.20938023450586266,-0.10941828254847644,-0.1959263584408154,0.048476454293628964,0,0,5.246789710000001
000069.SZ,20130322,20130628,263,277,15,0.06429691934491931,4.133204223333333,0.0677191524719566,0.05650083327230425,-0.030676812174609387,0.021273190286115642,4.22099727,3.58334251,-0.15106732348111654,-0.004321917303964188,-0.13707899499676918,0.16715597471590857,0,0,4.18231962
000069.SZ,20130809,20130809,283,283,1,0.09736430683838289,4.0303553999999995,-0.09950218470232462,-5.262767168487911e-05,-0.09950218470232462,-5.262767168487911e-05,4.0303553999999995,4.0303553999999995,0.0,-0.15573770491803257,-0.22459016393442605,0.0377049180327871,0,0,4.18231962
000069.SZ,20130906,20131122,287,298,12,0.068196237770439,3.9037185499999993,-0.10871308522957243,-0.01128887161234897,-0.05751923419226523,-0.02619866137066793,3.8651769,3.5678556000000006,-0.07692307692307673,-0.1407407407407409,0.026511498951919257,0.041175948936946684,0,1,3.71476544
000069.SZ,20140801,20141121,334,350,17,0.06795830088333481,3.610508870588235,-0.0681160617228792,-0.10263240205445386,0.15216356102759837,-0.03838250846832443,3.71476544,3.8324868800000003,0.03169014084507053,1.0614334470989761,0.7231201871720431,1.1892273614254354,1,1,8.39018514
000069.SZ,20160122,20160122,403,403,1,0.09119348926811133,5.4964604,-0.09630577058548345,0.2068696251900244,-0.09630577058548345,0.2068696251900244,5.4964604,5.4964604,0.0,-0.119965308946827,-0.02264709666606529,0.06176470588235283,0,0,5.8359476599999995
000069.SZ,20161028,20170428,441,467,27,0.05260619002846186,5.566698525555556,-0.032851012056538294,-0.10253042347848325,0.03452178834182208,-0.04691384947094381,5.31084945,6.2278306500000005,0.1726618705035972,0.24333919709265042,0.18582791264563361,0.4774922837697905,1,1,9.20157173
000069.SZ,20180105,20180112,502,503,2,0.09518347453670149,8.122796174999998,0.05939443702205366,0.12150547080303298,0.04928248965127555,0.12097498509330404,8.118532239999999,8.127060109999999,0.0010504201680672262,-0.18048268625393493,-0.3890931046651258,0.13221406086044085,0,0,9.20157173
000069.SZ,20180323,20180427,513,518,6,0.0812267547615991,6.832245181666665,-0.009391372126151232,0.11596515684440223,-0.008361299129742436,0.10334455476821094,6.9416861800000005,6.60057138,-0.04914004914004923,-0.17862975826192795,-0.17611407605139792,0.05297157622739014,0,0,6.95021405
000069.SZ,20180511,20180622,520,526,7,0.08383443307308788,6.799148924285714,0.006813719829079759,0.10076722498384666,-0.08862596271905335,0.06851022694171363,6.95021405,6.77112878,-0.02576687116564415,-0.2557224277161067,0.037329202886612435,0.07534008384345034,0,1,7.281266189999999
000069.SZ,20190329,20190329,564,564,1,0.09693568090989578,6.3929019,-0.0031552378694799164,-0.10852374245749488,-0.0031552378694799164,-0.10852374245749488,6.3929019,6.3929019,0.0,-0.03727922838922338,0.0749949909289239,0.13896103896103884,0,1,7.281266189999999
000069.SZ,20190621,20190712,576,579,4,0.08408237904941106,6.389250464999999,0.22440024937439626,-0.0728779207502456,0.24951472658374024,-0.06028436203784901,6.34940067,6.50879985,0.0251046025104603,-0.05850340136054425,-0.10128417299542564,0.06825884344868886,0,0,6.9530829999999995
000069.SZ,20190906,20200103,587,604,18,0.07678084164416893,6.359323883888889,0.10363533737280395,-0.03807747532522527,-0.009417961558230065,0.05762919437984309,6.36711169,6.9530829999999995,0.0920309456672967,-0.22322580645161286,-0.10732995420880206,0.0709399513855939,0,0,7.446334369999999
000069.SZ,20200207,20200515,608,622,15,0.07466893846399515,5.800516037333334,0.021643248835692186,0.07453580028576935,-0.032317767635555404,0.04700976586224708,5.831618,5.49966436,-0.05692307692307694,0.1469440455089881,0.34895311320416655,0.353961602485865,1,1,7.446334369999999
000069.SZ,20200703,20200717,629,631,3,0.06778331637035995,6.904615839999999,-0.10215830836167773,-0.005564351989007391,-0.0798144395396196,-0.005130473054569731,6.47307735,6.7944358,0.04964539007092198,-0.09189189189189194,0.2581081081081083,0.4175675675675677,0,1,9.63157183
000069.SZ,20200821,20210226,636,663,28,0.04962135119949446,6.460944428928571,-0.022840086003453115,-0.00553810684504459,0.017832373488450536,0.008944867141390414,6.83116248,7.41878936,0.08602150537634412,-0.04792719441760773,-0.14513183051203382,0.29826732673267337,0,0,9.63157183
000069.SZ,20210903,20211105,690,699,10,0.050791663904267204,6.894302856,0.02949531755655923,0.08827265515285004,-0.13754955588025086,0.03837700386894739,7.211407199999999,5.84815488,-0.18904109589041085,0.29898648648648646,-0.08005172393792692,0.38006756756756754,1,0,8.07084888
000069.SZ,20220107,20220128,708,711,4,0.08494232554695176,7.7250964799999995,-0.13508628854656685,0.00859563680096486,-0.08262484089080899,0.015792830655947474,7.73497512,7.6164314399999995,-0.015325670498084311,-0.18203163133836325,-0.35271523956631323,0.006485084306095968,0,0,7.665824639999999
000069.SZ,20220225,20220318,714,717,4,0.08002522327483894,6.66561234,-0.059244016023436714,0.019300664280514315,-0.052868002764340005,0.019368250962026937,6.8162616,6.4705091999999995,-0.050724637681159465,-0.15308056435496595,-0.1592624580458056,0.1847328244274809,0,0,7.665824639999999
000069.SZ,20220401,20220429,719,723,5,0.05907099934922433,7.118547984,-0.015222316624185776,0.025955936260723622,0.04883977900552503,0.027394233864772955,7.665824639999999,5.9765771999999995,-0.22036082474226806,-0.17009354451240077,-0.11320479554752505,0.04240266485639991,0,0,6.23
600016.SH,20100723,20100806,130,132,3,0.0831086487168922,0.3556689743333334,-0.09388321934203875,-0.4382589379173775,-0.0843306337926032,-0.41820683274885684,0.35352251100000004,0.35352251100000004,0.0,-0.08561020036429887,0.10382513661202165,0.12021857923497266,0,1,0.39602248500000004
600016.SH,20100910,20110415,137,168,32,0.04822690540924901,0.3390338835000001,-0.05517792247414827,-0.3558679102044843,-0.02163977240929019,-0.002181276984657451,0.336136158,0.39280279,0.16858237547892718,0.6604300850307097,0.8386363803576852,0.8527797371296676,1,1,0.72777705
600016.SH,20140509,20140627,324,331,8,0.05970077341151899,3.1105194,-0.11589884258398452,0.23453164015450642,-0.08676782477947584,0.183499025299922,3.23946135,2.52552,-0.22038890817450246,0.05815831987075907,1.358466913744496,1.381409198897653,1,1,6.014296560000001
600016.SH,20151030,20160219,401,416,16,0.048354866526616996,5.268507731250001,-0.06707000424223182,0.20744497809143578,-0.06257790744195095,0.1766720637203427,5.1615996,5.10758286,-0.010465116279069726,0.03663154277246506,0.13447259081764582,0.13447259081764582,1,1,5.794412760000001
600016.SH,20160401,20160401,422,422,1,0.09426102432251465,4.9813764,-0.039998817094414524,0.1044868722072706,-0.039998817094414524,0.1044868722072706,4.9813764,4.9813764,0.0,0.06864066726617965,0.10337902994039976,0.16321520293066002,1,1,5.794412760000001
600016.SH,20160415,20170505,424,478,55,0.061247011848471464,5.2474268256363645,-0.04726249372147586,0.0814763792653572,-0.04391003790481899,0.0004465678481027824,4.9652031,4.59618543,-0.07432076041360722,0.025279687203568647,0.12371676440391127,0.19147215520414732,1,1,5.476226960000001
600016.SH,20170609,20180622,483,536,54,0.06292033519351523,4.844113858518519,-0.07870434913651288,-0.005068740768373966,-0.06592442069249783,-0.04198858930486755,4.84059996,4.254064720000001,-0.12116994687575858,-0.028087085614438154,0.0633304657386594,0.07295336588109078,0,1,4.564413060000001
600016.SH,20190222,20210507,569,683,115,0.04637160705041652,4.332137934086956,-0.013145361928212286,-0.0555164991872322,-0.05304792926942745,-0.037162351166415745,4.14140318,3.7360018799999994,-0.097889841288044,-0.18206943728839864,-0.18206943728839864,0.008547008547008619,0,0,3.7679335199999997
600016.SH,20220602,20221021,738,757,20,0.06607045152949345,2.876047904000001,-0.028277960943444348,-0.10697496781353999,-0.04166328655341894,-0.07433753139935266,2.95419096,2.6698392,-0.09625368293727357,0.023809523809523746,0.26499362208780197,0.28416019211943516,1,1,3.4285012199999993
600016.SH,20221111,20230526,760,787,28,0.06317731442227248,2.8199608982142848,-0.053600732164670185,-0.06787492479935457,0.024180855630276162,-0.02348954178638342,2.7334068,3.0989205,0.1337209302325582,0.007276972739378009,0.08984065902949093,0.13662674792722168,1,1,3.52231593
600016.SH,20230616,20230714,790,794,5,0.09750578064028637,3.2075572799999996,0.0545223217082976,-0.015581834244860867,0.09959075600574066,-0.0008628626392026685,3.17417038,3.29204346,0.03713508283698364,-0.02849740932642493,0.012953367875647707,0.06994818652849744,0,1,3.52231593
600016.SH,20231020,20241213,807,866,60,0.060361811159455464,3.3519627221666677,0.14882597894157046,0.03744207865552441,0.025192534530012044,0.016431584364120635,3.11294265,3.8463140799999995,0.23558783840749511,0.007389162561576473,0.05295613300513418,0.3774677911898452,1,1,5.298173760000001
002594.SZ,20130426,20130503,91,92,2,0.09452512916984088,6.902431375,0.4144147028688526,-0.011062867551800642,0.4578476639436895,-0.009073381861106148,6.67801735,7.1268454,0.06720977596741336,0.4576335877862596,0.8484732824427483,0.8484732824427483,1,1,13.173783310000001
002594.SZ,20141031,20141205,170,175,6,0.09003392343855587,12.092062373333333,0.04187092803633209,0.13108174624209637,0.0160750026335194,0.10310301757983362,12.77663849,11.79465712,-0.07685756866084734,0.38376383763837646,0.3496309963099632,0.8332564575645757,1,1,21.62263133
002594.SZ,20150227,20150306,187,188,2,0.08215436941674172,13.992554479999999,-0.1308331122854986,0.036380853929532136,-0.12737295821147981,0.037487605540698646,13.75861986,14.2264891,0.03400553578489526,0.24282982791587013,0.21319311663479934,0.5198852772466539,1,1,21.62263133
002594.SZ,20160318,20161216,240,278,39,0.049549470458983697,15.824848062564103,0.03241667391871912,0.08927540300583499,-0.04871057992050826,-0.014054134174307504,15.491368150000001,13.965936600000001,-0.09846977589258314,-0.060078277886497077,0.3317484557390872,0.3317484557390872,0,1,18.5991145
002594.SZ,20170616,20170929,304,319,16,0.07457448989144488,14.123003037499998,-0.07022267211241592,-0.042650267056166,0.0324566530557017,-0.05070142947313385,13.9522713,18.5991145,0.33305281269867504,-0.07950219619326516,-0.3717423133235726,0.03513909224011723,0,0,19.2526705
002594.SZ,20180413,20180413,346,346,1,0.09646242184043168,15.140714,0.07746640787319853,0.05519993695505457,0.07746640787319853,0.05519993695505457,15.140714,15.140714,0.0,-0.2375995517780733,-0.14056353022717413,0.020213584379177887,0,0,15.446762099999999
002594.SZ,20180608,20180608,354,354,1,0.0937961300618393,13.65115095,-0.09113465025288636,0.04151096392237022,-0.09113465025288636,0.04151096392237022,13.65115095,13.65115095,0.0,-0.012621715973333265,0.0898681499086346,0.13153551349455989,0,1,15.446762099999999
002594.SZ,20190111,20190802,384,412,29,0.06652534587638935,14.202333519310345,0.012790595079378353,-0.039083815102463566,0.034312977580320106,-0.03619013204088852,13.214664540000001,15.43985247,0.16838777278564188,-0.15425629711344005,-0.004815678138406456,0.1989102574631014,0,0,18.510997500000002
002594.SZ,20190823,20191115,415,427,13,0.06180599082430781,13.560176482307694,0.009252974864637551,-0.02356157658793926,-0.013991895561320866,0.03198557015529856,13.87855097,12.240603759999999,-0.11802004499897731,0.3173480586549108,1.198259213971975,1.198259213971975,1,1,26.90802
002594.SZ,20191227,20200207,433,438,6,0.08211200190972574,14.546276613333333,-0.073646901528684,0.026090101965322247,-0.05032691988798138,0.023286849703331256,13.058157999999999,15.8783223,0.21596953414103293,0.37046632124352313,2.3150899500257656,2.5858555610752405,1,1,56.93737032000001
002594.SZ,20200430,20200508,450,451,2,0.09209171169378863,16.41856919,0.11687656151529532,0.03671719078805307,0.14847470186670053,0.04009733087388405,16.44325052,16.39388786,-0.0030020013342228085,1.1198877909123386,4.0356898348333585,4.223537600189489,1,1,85.63408964999999
002594.SZ,20200529,20200612,454,456,3,0.09391584546764825,16.645271776666664,0.19830810859545225,0.041913387643959105,0.21492889622697944,0.0458440506311583,15.74394617,16.86009076,0.07089357254833649,2.3770500485728117,2.2533258516100663,4.079100158414569,1,1,85.63408964999999
002594.SZ,20220408,20220602,550,558,9,0.05611777626495832,83.70188261999999,-0.05944880807266141,0.13561645626996882,-0.11251828422118587,0.07188543822070394,78.26561226,96.56330274,0.23378965488974507,-0.05754633885050571,-0.13887585179338494,0.16620158129027976,0,0,112.61227635
002594.SZ,20221202,20230908,583,622,40,0.07018976047041908,84.09618273224996,0.051062082647983925,0.05677462333923403,-0.02068953447728472,-0.011354096035781393,85.12122527999999,79.19276070000001,-0.06964731252985064,-0.2576521204671175,-0.009802043054675462,0.03687768899815609,0,0,82.1132067
002594.SZ,20230922,20231124,624,632,9,0.08521121473106448,76.88632945777778,-0.018156880408793576,-0.023607474772220968,-0.0354016320225429,-0.07192303788182958,79.51725470000001,70.3665239,-0.11507855539685784,0.011620936130966106,0.1886628776613478,0.2158355274389218,1,1,85.5541197
002594.SZ,20240607,20240621,659,661,3,0.09247115060119933,79.95748489333334,-0.08197583116714613,-0.07821487243843663,-0.03011435249902595,-0.06836849398477915,76.41833700000001,81.34091098,0.06441613588110397,0.1694741164552421,0.4417196254272881,0.5445123675943369,1,1,125.632043
002594.SZ,20240802,20240913,667,673,7,0.08728615147918883,79.51510200857145,0.1453271880669917,-0.04004020627839489,0.22771668675884935,-0.019215665015375943,77.01277038,83.64207479000001,0.08608058608058611,0.28201105925722547,0.31079650182360075,0.5882975802972662,1,1,132.848505
000799.SZ,20100723,20100806,129,131,3,0.06855807833865309,12.69155996,-0.12185511739818479,0.15703562656952824,-0.1359605911330048,0.1386771180070869,11.94966765,14.068577789999999,0.17731958762886588,0.27262113251605385,0.11500291885580861,0.4068884997081147,1,1,19.792920300000002
000799.SZ,20110603,20110812,174,184,11,0.07184933783384104,16.094160316363634,-0.05068796068796023,0.06694782287159114,-0.06378586004081123,0.10000290031613429,14.791306830000002,19.20159654,0.29816768461965565,0.02266894781864831,0.698460222412318,0.7104362703165099,1,1,32.84310717
000799.SZ,20111028,20111118,194,197,4,0.08230395216758066,19.2118625775,0.0855656495069491,0.13598471366216433,0.13537457258315186,0.14504368450798183,17.60009469,21.230165550000002,0.2062529164722354,0.23791102514506754,1.0742746615087035,1.2502901353965181,1,1,47.77403211
000799.SZ,20141031,20141212,348,354,7,0.06266611851953152,10.114946195714285,0.1528749889253129,-0.12284215119206122,0.24401849441127607,-0.08291949193009271,9.63218502,10.995645,0.14155251141552513,0.17533333333333326,-0.04200000000000002,0.38466666666666677,1,0,15.22530311
000799.SZ,20160401,20160513,402,408,7,0.07169080007682294,12.214590788571428,-0.11974377224199277,0.07492479247246173,-0.13707927677329632,0.05433529782745801,11.53076639,13.50998249,0.17164653528289894,0.07216494845360824,0.20455778621812262,0.346717308735757,1,1,18.194127260000002
000799.SZ,20170113,20170310,442,450,9,0.07700877507116781,15.044485836666667,0.011039040509117476,0.05782093377861323,-0.035792109045389424,0.04987054840403369,14.62420785,16.43482406,0.12380952380952388,0.03684447352702585,0.18114979078151455,0.3069323359705013,1,1,21.479203
000799.SZ,20170421,20170526,456,461,6,0.07697313532781852,14.416804913333332,0.00635789974997014,0.07938822056258643,-0.0005010503825827691,0.0926372712374841,16.45681535,12.5661125,-0.2364189405576578,0.5616901408450705,0.38985915492957757,0.7092957746478873,1,1,21.479203
000799.SZ,20170728,20170811,470,472,3,0.09043521720129855,17.84269983333333,-0.04418250473523062,0.07340610388482696,-0.035679365443284136,0.06570949930788396,16.495235,19.992507999999997,0.21201716738197401,-0.051345609065155826,0.12497013881399988,0.12497013881399988,0,1,22.4909745
000799.SZ,20180404,20180601,505,513,9,0.05566328678916664,18.084339025555554,-0.03899295611115407,0.053547461788678356,-0.12676729840459208,0.035904481262734086,17.047435999999998,22.4909745,0.31931713953934204,-0.4786693862464696,-0.14859225508436721,-0.0003508771929825333,0,0,22.48308293
000799.SZ,20190614,20190621,565,566,2,0.08808848265813721,19.06640338,0.30009212291066684,-0.02006414088005186,0.338775806657478,-0.009865356057207847,17.94807045,20.18473631,0.1246187363834424,0.42967841921735744,0.2279679357376752,0.7117515611478402,1,1,34.55125389
000799.SZ,20230324,20230331,758,759,2,0.09074470667671955,126.4436083,-0.06917029298642788,-0.17183692032211267,-0.05377118458474377,-0.16979017745871106,126.10049104999999,126.78672555,0.005441965326906726,-0.2953561848652066,-0.46740412959580535,-0.03170184798577283,0,0,122.76735205
000063.SZ,20090619,20090731,74,80,7,0.06927682793070897,10.448143268571428,,,0.3846335314159724,-0.22204458384284412,9.551574440000001,11.4612181,0.19992972593113123,0.2960468521229869,-0.003806734992679166,0.38506588579795026,1,0,15.8745422
000063.SZ,20100730,20100806,131,132,2,0.09290070013826698,12.61933858,-0.1297960662073055,0.08560157583850535,-0.14036218379940504,0.08060968155345655,12.350611,12.88806616,0.0435164835164834,0.14995787700084262,0.13732097725358056,0.33487784330244336,1,1,17.203993960000002
000063.SZ,20100820,20100910,134,137,4,0.07643219086740186,13.300658000000002,-0.1627687839139956,0.0688716575495244,-0.17295811576297151,0.061781786946471455,12.133457400000001,14.26156268,0.17539149888143174,-0.009135896459840104,0.02550437761705372,0.20631899505138948,0,1,17.203993960000002
000063.SZ,20101126,20110225,148,161,14,0.07684159061757477,14.726891822857143,0.07533106207580917,0.07675966665160204,0.1847314111928116,0.048543717239897546,14.668725680000001,16.671967640000002,0.1365655070318283,-0.061232498889375354,-0.27965860063293646,0.03191142950179094,0,0,17.203993960000002
000063.SZ,20110603,20110603,175,175,1,0.09748719562800501,14.266991520000001,0.049796540255300274,0.024129093749839448,0.049796540255300274,0.024129093749839448,14.266991520000001,14.266991520000001,0.0,-0.05850256648922431,-0.18884096315773236,0.1666273913927439,0,0,16.6442631
000063.SZ,20110624,20110722,178,182,5,0.0890470535372595,15.764899824,0.06765986190333252,0.02580676985063602,0.03821675908906485,0.03843569514197908,14.625294960000002,15.6511014,0.07013919670034459,-0.2101710171017101,-0.28037803780378034,-0.027002700270026922,0,0,15.228479400000001
000063.SZ,20110805,20110826,184,187,4,0.06781310618172037,13.206937500000002,0.009401156180313675,0.04233790717655745,-0.04370629985952111,0.042276127234846,14.277579900000001,13.333724100000001,-0.06610754810064132,-0.19440042260961438,-0.2097200211304807,0.0073956682514527555,0,0,13.432335900000002
000063.SZ,20130614,20130726,277,282,6,0.0667431668361251,7.55967167,0.2401352874859071,-0.19606623309922966,0.32554382942063337,-0.18521194394500134,6.71458056,8.96431116,0.3350515463917525,-0.09459459459459453,-0.18661518661518658,0.14414414414414425,0,0,10.25646412
000063.SZ,20140221,20140829,312,339,28,0.0766033588287655,7.754073498571428,0.006290605341858493,0.1394421175599053,0.0006479452579336695,0.045556027171167586,7.954816659999999,8.69364584,0.09287821600152399,0.40974212034383944,1.3359598853868193,1.358166189111748,1,1,20.501061680000003
000063.SZ,20140912,20141010,341,345,5,0.09542775237026466,9.255369948,0.03702918691206702,0.04353776970767038,0.1093364737796228,0.04005564401255467,8.99256776,9.434723100000001,0.049168975069252205,0.29108910891089096,0.9617352394793653,1.172937293729373,1,1,20.501061680000003
000063.SZ,20151106,20151106,401,401,1,0.09780751060051594,17.04472992,-0.03118897072631212,0.21561270994279463,-0.03118897072631212,0.21561270994279463,17.04472992,17.04472992,0.0,-0.290650406504065,-0.2773709493896165,-0.034044715447154456,0,0,16.464446940000002
000063.SZ,20151211,20160129,406,413,8,0.0714920628308844,14.664054037500001,-0.05997067686928369,0.19639350199694505,-0.12310394027383637,0.14933443161163523,15.312541920000001,12.41978796,-0.18891402714932126,-0.02104954133210507,0.04215193058738814,0.16452073792087507,0,1,14.46310064
000063.SZ,20161104,20170407,447,469,23,0.05408354511354819,13.35974280173913,-0.043129867730592776,-0.09825657856681079,0.06601935393851542,-0.048287135654604005,12.89320288,14.412997520000001,0.11787564766839383,0.37195828505214346,1.0278099652375432,1.2120509849362686,1,1,31.88228536
000063.SZ,20200828,20200925,635,639,5,0.09078779618567928,33.3645783,0.030636760628443123,0.12207133814991349,-0.05249764018648684,0.09748788424254842,36.618049049999996,31.223888849999998,-0.14730878186968835,-0.015780925059243365,-0.06596265634605589,0.09392932648746602,0,0,34.1567277
000063.SZ,20201106,20201218,645,651,7,0.07957485520491246,32.68559309999999,-0.1111187600224721,0.08147307933136401,-0.1205533496414901,0.05420508717321361,33.760653,30.94097835,-0.08351955307262558,-0.12343583666933408,0.01021997030678889,0.19517775364721118,0,1,36.979969
000063.SZ,20210716,20210730,681,683,3,0.09214186984170929,34.52085546666667,-0.08994442182759153,-0.09704577866198476,-0.0630562231150618,-0.09212767149910182,33.4545142,36.187208,0.08168385837747422,-0.16439407124197047,-0.39060280638395745,0.021907216494845328,0,0,36.979969
000063.SZ,20210903,20220304,688,713,26,0.051454000733829997,30.42766549692308,0.03719035052643479,-0.08182031496927834,-0.06873807175329574,-0.027690130771465014,31.36097604,27.124791249999998,-0.13507821901323716,-0.16348634977974244,-0.13848000397053753,-0.091892839175306,0,0,24.63221717
000063.SZ,20221230,20230224,755,762,8,0.08453663995737752,25.439431001249996,-0.0081719219393208,-0.11817103107598866,0.03374140147508347,-0.10384622278968607,24.02825862,27.9679267,0.16395978344934264,0.38463619614678135,-0.08058502455957878,0.569346251182788,1,0,43.891360920000004
000063.SZ,20240719,20240719,833,833,1,0.0989191638649873,27.482641020000003,0.06836347384915907,-0.020356710173614706,0.06836347384915907,-0.020356710173614706,27.482641020000003,27.482641020000003,0.0,0.0868018498754891,0.16218816003732084,0.5442902881536816,1,1,42.441175619999996
000063.SZ,20240927,20241018,843,846,4,0.06641483667439965,29.460002865,0.005301034858381343,-0.10021185999423268,0.014856896899729443,-0.10440807149777326,28.020366120000002,30.19082016,0.07745987438939285,0.21955958549222784,0.12285786939019007,0.405764248704663,1,1,42.441175619999996
