exit_reason,exit_day,exit_price,return,max_return_seen,stock_id,stock_name,buy_date,buy_price
止盈30%,100,3.4561743999999996,0.31051523419663773,0.31775823156873545,000001.SZ,平安银行,2013-04-08,2.6415022699999997
止损-15%,50,3.44383092,-0.16027088036117373,0.0,000001.SZ,平安银行,2013-12-06,4.1011212299999995
止盈30%,71,4.29996037,0.21405552438946163,0.30349425499164767,000001.SZ,平安银行,2014-04-21,3.29879503
止盈30%,69,5.491989640000001,0.2816247582205028,0.35009671179883955,000001.SZ,平安银行,2014-08-21,4.06784906
止盈30%,44,7.789498200000001,0.2624551328068916,0.4213926776740847,000001.SZ,平安银行,2015-01-30,5.48018737
止损-15%,31,6.552150149999999,-0.1656804733727812,0.0574809805579037,000001.SZ,平安银行,2015-12-11,7.85328635
止损-15%,38,5.88999817,-0.15660168020462192,0.019011406844106547,000001.SZ,平安银行,2016-04-20,6.9836494
到期120天,120,6.51542388,0.010660980810234465,0.028784648187633193,000001.SZ,平安银行,2016-09-09,6.446695780000001
到期120天,120,6.5910247900000005,0.048087431693989005,0.048087431693989005,000001.SZ,平安银行,2017-01-09,6.288621150000001
止盈30%,51,8.369999550000001,0.27527426766974983,0.40953983584104126,000001.SZ,平安银行,2017-05-09,5.938107840000001
止盈30%,37,11.6057845,0.25642161204605846,0.33746678476527897,000001.SZ,平安银行,2017-09-25,8.67743755
止损-15%,28,8.40074335,-0.15402476780185756,0.0,000001.SZ,平安银行,2018-02-07,9.9302474
止盈30%,92,10.65427902,0.24285714285714283,0.31125827814569534,000001.SZ,平安银行,2018-11-16,8.12523299
止盈30%,92,13.11126075,0.2302497690054589,0.3273348309245087,000001.SZ,平安银行,2019-05-16,9.87788495
保本止损,118,11.6294202,0.0870064033873354,0.2568358467756405,000001.SZ,平安银行,2019-09-17,11.854244640000001
止损-15%,34,11.6294202,-0.16187499999999996,0.005625000000000036,000001.SZ,平安银行,2020-01-21,13.87552
保本止损,44,11.413548,0.029750493858054547,0.1465923260705764,000001.SZ,平安银行,2020-05-21,11.620748
止盈30%,33,16.58768976,0.22898648648648637,0.32567567567567557,000001.SZ,平安银行,2020-09-29,12.5126304
保本止损,83,19.12199448,0.029451777014730993,0.1936336110566922,000001.SZ,平安银行,2021-03-12,19.29960816
止损-15%,11,16.35870048,-0.1606805293005671,0.021739130434782677,000001.SZ,平安银行,2021-07-12,19.49043368
止损-15%,71,14.120432339999999,-0.15350635008282718,0.032578685808945386,000001.SZ,平安银行,2021-11-17,16.68108478
止损-15%,60,11.20000077,-0.1811850573330893,0.053872053872053884,000001.SZ,平安银行,2022-04-25,13.6783053
止损-15%,23,9.11038314,-0.15559157212317673,0.007293354943273821,000001.SZ,平安银行,2022-09-20,10.78907178
止损-15%,73,10.1420772,-0.16063675832127366,0.03400868306801725,000001.SZ,平安银行,2023-02-13,12.083060940000001
止损-15%,113,8.592917400000001,-0.15215367582077854,0.07550876307919734,000001.SZ,平安银行,2023-06-13,10.13499399
止损-15%,42,8.2216185,-0.1530054644808744,0.011839708561019908,000001.SZ,平安银行,2023-10-11,9.7068141
保本止损,119,9.0660206,0.018527288157650597,0.10622009569377999,000001.SZ,平安银行,2024-03-20,9.23827025
到期120天,120,10.7567455,0.15531929784259985,0.2841475573280163,000001.SZ,平安银行,2024-07-26,9.423024519999998
到期120天,120,11.1447255,0.02772808586762084,0.07066189624329172,000001.SZ,平安银行,2024-11-25,10.844040999999999
到期120天,120,11.64,0.07075898465421349,0.18883020956469826,000001.SZ,平安银行,2025-03-25,11.0865285
到期120天,48,11.4,-0.07692307692307687,0.011336032388664014,000001.SZ,平安银行,2025-07-25,12.35
止盈30%,18,1.43575875,0.2127853881278538,0.30136986301369856,000002.SZ,万科A,2009-01-13,1.10326725
止损-15%,39,2.03173385,-0.1526175687666369,0.09050576752440119,000002.SZ,万科A,2009-11-27,2.3976586899999996
止损-15%,10,1.6594266,-0.15217391304347813,0.005434782608695818,000002.SZ,万科A,2010-04-12,1.9572723999999997
止盈30%,29,0.98241171,0.23999999999999996,0.3490909090909091,000002.SZ,万科A,2012-11-15,0.72820275
止盈30%,40,3.5440684800000004,1.9716133937652904,2.8312673284743193,000002.SZ,万科A,2013-03-15,0.92503816
止损-15%,75,2.37242742,-0.15472481827622017,0.06230529595015576,000002.SZ,万科A,2013-08-27,2.8066923900000003
止盈30%,13,7.4493966,2.263456912233716,2.3367509806072118,000002.SZ,万科A,2014-04-21,2.2325299800000002
保本止损,29,15.126901899999998,0.03571717171717169,0.12000000000000002,000002.SZ,万科A,2016-10-28,15.133016249999999
到期120天,120,14.185291999999999,0.1912768031189085,0.29044834307992223,000002.SZ,万科A,2017-02-27,12.546646199999998
止盈30%,24,19.44415452,0.30644341839057765,0.3923315649870036,000002.SZ,万科A,2017-08-04,13.965175399999998
止盈30%,21,30.098383200000004,0.2588457574716593,0.3809687392648575,000002.SZ,万科A,2017-12-15,21.79512276
止损-15%,27,16.00754808,-0.16288175411119823,0.0,000002.SZ,万科A,2018-06-26,19.12220664
止盈30%,70,26.188357319999998,0.23023715415019755,0.3233201581027666,000002.SZ,万科A,2018-12-20,19.7898877
到期120天,120,22.79452006,-0.01549951846352818,0.05067567567567563,000002.SZ,万科A,2019-04-24,23.153386400000002
保本止损,116,22.19248461,0.10011781872502457,0.28671244075162344,000002.SZ,万科A,2019-09-23,22.258278549999996
止损-15%,6,21.594351850000002,-0.16638370118845489,0.0,000002.SZ,万科A,2020-03-13,25.90442615
到期120天,120,28.10033298,0.14275057457610377,0.16855010364565312,000002.SZ,万科A,2020-07-23,24.20678464
保本止损,81,26.221583910000003,0.03547452212850707,0.1442273549051651,000002.SZ,万科A,2020-12-07,26.3181267
止损-15%,46,22.257333480000003,-0.1586816173972136,0.009174311926605543,000002.SZ,万科A,2021-04-06,26.45530389
保本止损,19,18.43692,0.027819175360159105,0.10779930452061624,000002.SZ,万科A,2021-09-14,18.55675998
止损-15%,20,16.289018820000003,-0.15373563218390793,0.01436781609195413,000002.SZ,万科A,2022-02-08,19.24814448
保本止损,31,15.93871734,0.025769669327251984,0.16875712656784497,000002.SZ,万科A,2022-06-08,16.16917884
止损-15%,13,13.72401096,-0.15547703180212027,0.011778563015311997,000002.SZ,万科A,2022-10-11,16.25060712
止损-15%,54,14.1642512,-0.15428571428571433,0.011999999999999926,000002.SZ,万科A,2023-02-08,16.74827
止损-15%,87,11.33,-0.1500069204666029,0.09564596716630971,000002.SZ,万科A,2023-06-20,13.32952029
止损-15%,31,9.61,-0.1570175438596492,0.0,000002.SZ,万科A,2023-12-01,11.4
止损-15%,5,7.58,-0.15590200445434302,0.0,000002.SZ,万科A,2024-04-01,8.98
止盈30%,29,9.72,0.3164705882352941,0.4294117647058825,000002.SZ,万科A,2024-08-16,6.8
止损-15%,14,6.98,-0.15188335358444713,0.0,000002.SZ,万科A,2024-12-16,8.23
到期120天,102,6.79,0.0014749262536872842,0.05604719764011798,000002.SZ,万科A,2025-05-09,6.78
止盈30%,12,1.68582668,0.24953445065176905,0.3445065176908752,000006.SZ,深振业A,2009-01-20,1.25386278
止损-15%,15,2.29276059,-0.22293504410585405,0.03448275862068973,000006.SZ,深振业A,2009-08-10,2.95053917
保本止损,54,2.03437332,0.05891677675033016,0.19947159841479517,000006.SZ,深振业A,2010-09-17,2.03706429
保本止损,84,1.9105886999999997,0.026573426573426463,0.19999999999999987,000006.SZ,深振业A,2011-01-17,1.92404355
到期120天,120,2.19760671,0.1578332759547772,0.2886148860819706,000006.SZ,深振业A,2011-05-23,2.0316823499999996
止损-15%,53,1.83784072,-0.17829457364341086,0.04651162790697678,000006.SZ,深振业A,2011-09-22,2.23661748
到期120天,120,2.27770235,-0.1002080371229831,0.08909884337841524,000006.SZ,深振业A,2012-06-04,2.5313655199999996
止盈30%,46,3.18286718,0.23398533007334965,0.3154034229828851,000006.SZ,深振业A,2012-11-13,2.41968899
保本止损,36,2.46786784,0.0018071541602669855,0.1422121896162528,000006.SZ,深振业A,2013-04-25,2.6208367299999997
保本止损,64,2.85147424,0.09199134199134182,0.29870129870129863,000006.SZ,深振业A,2013-09-30,2.9537692800000004
止盈30%,108,3.53454696,0.21490788057759205,0.300799113208686,000006.SZ,深振业A,2014-03-10,2.717212
止盈30%,97,5.21766456,0.2396428571428572,0.3285714285714286,000006.SZ,深振业A,2014-10-27,3.9272744
保本止损,18,9.53891898,-0.01509433962264161,0.1069182389937106,000006.SZ,深振业A,2015-12-08,10.228147230000001
止损-15%,36,6.09000252,-0.1788128761230149,0.006195786864931769,000006.SZ,深振业A,2016-04-25,7.41609597
止盈30%,22,9.0128668,0.23765281173594138,0.3080684596577017,000006.SZ,深振业A,2016-09-01,6.8902103199999996
止损-15%,74,6.58697368,-0.15913978494623662,0.03978494623655898,000006.SZ,深振业A,2017-01-12,7.8336132
保本止损,47,7.379426399999999,0.01593860684769762,0.16292798110979909,000006.SZ,深振业A,2017-07-12,7.5396552
止损-15%,10,6.391348799999999,-0.18409090909090922,0.0,000006.SZ,深振业A,2018-03-09,7.833408
保本止损,21,4.492927079999999,0.0010928961748632865,0.11839708561020028,000006.SZ,深振业A,2018-08-30,4.72531986
止盈30%,53,5.83564092,0.21969111969111974,0.30888030888030893,000006.SZ,深振业A,2018-12-28,4.45849852
到期120天,120,4.8164814,-0.0055248618784529465,0.03867403314917136,000006.SZ,深振业A,2019-07-09,4.843239629999999
到期120天,120,4.3615914899999995,-0.04863813229571981,0.07587548638132324,000006.SZ,深振业A,2019-11-11,4.584576739999999
止盈30%,61,5.44975951,0.22927350427350424,0.3055555555555555,000006.SZ,深振业A,2020-03-17,4.17428388
止损-15%,50,4.478276160000001,-0.16754772625528858,0.01906412478336222,000006.SZ,深振业A,2020-11-19,5.37961911
到期120天,120,4.331665159999999,-0.1163736798760983,0.04135338345864663,000006.SZ,深振业A,2021-04-12,4.902145920000001
到期120天,120,4.28374851,-0.0066666666666667955,0.07777777777777771,000006.SZ,深振业A,2021-08-30,4.3124985
止盈30%,44,5.35708147,0.21491841491841493,0.30303030303030304,000006.SZ,深振业A,2022-01-25,4.11124857
保本止损,36,3.96562635,0.021255596760652765,0.1573261622844762,000006.SZ,深振业A,2022-06-13,4.04416526
止盈30%,36,5.71833528,0.30533980582524267,0.4174757281553398,000006.SZ,深振业A,2022-10-11,4.03416804
保本止损,23,5.34625182,0.03162705667276048,0.10968921389396709,000006.SZ,深振业A,2023-02-08,5.35604349
止盈30%,36,5.83,0.21896453290333207,0.32018636946431844,000006.SZ,深振业A,2023-06-20,4.41604317
止损-15%,47,3.57,-0.22222222222222224,0.06100217864923753,000006.SZ,深振业A,2023-11-29,4.59
保本止损,38,3.87,0.0322164948453609,0.11340206185567021,000006.SZ,深振业A,2024-03-28,3.88
止盈30%,21,5.13,0.2469496021220159,0.36074270557029176,000006.SZ,深振业A,2024-08-27,3.77
保本止损,9,6.27,0.021759259259259166,0.19753086419753074,000006.SZ,深振业A,2025-03-24,6.48
止盈30%,45,8.43,0.26923076923076916,0.3509615384615384,000006.SZ,深振业A,2025-07-22,6.24
止损-15%,12,6.77,-0.1723716381418093,0.03056234718826406,000007.SZ,全新好,2008-06-18,8.18
止盈30%,15,4.49,0.23676470588235296,0.32058823529411773,000007.SZ,全新好,2009-01-15,3.4
保本止损,56,6.46,0.0917168674698796,0.21686746987951813,000007.SZ,全新好,2009-09-25,6.64
保本止损,64,6.71,0.09007407407407404,0.21777777777777788,000007.SZ,全新好,2010-01-26,6.75
止盈30%,86,9.13,0.2164051355206848,0.3024251069900144,000007.SZ,全新好,2010-06-29,7.01
到期120天,120,9.51,0.13002392344497615,0.16985645933014354,000007.SZ,全新好,2010-11-17,8.36
保本止损,33,8.61,0.01897142857142855,0.11771428571428565,000007.SZ,全新好,2011-03-31,8.75
止损-15%,88,6.83,-0.15155279503105595,0.07329192546583849,000007.SZ,全新好,2011-08-03,8.05
止损-15%,8,6.83,-0.15574783683559948,0.0,000007.SZ,全新好,2011-12-01,8.09
保本止损,68,14.59,0.03563139931740614,0.1781569965870308,000007.SZ,全新好,2012-07-16,14.65
止损-15%,15,13.8,-0.18100890207715137,0.008902077151335227,000007.SZ,全新好,2013-05-29,16.85
保本止损,52,13.2,0.029411764705882314,0.1681749622926094,000007.SZ,全新好,2013-09-26,13.26
止盈30%,82,18.42,0.289318181818182,0.39545454545454567,000007.SZ,全新好,2014-01-27,13.2
止损-15%,25,13.18,-0.1943765281173594,0.0,000007.SZ,全新好,2014-11-17,16.36
保本止损,7,19.27,-0.030733082706766987,0.11795112781954878,000007.SZ,全新好,2015-12-16,21.28
止损-15%,7,16.26,-0.15620134924753493,0.0,000007.SZ,全新好,2016-07-18,19.27
止损-15%,35,14.28,-0.4450058297706957,0.02876020209871739,000007.SZ,全新好,2016-11-25,25.73
止损-15%,89,12.85,-0.16341145833333331,0.0,000007.SZ,全新好,2018-03-09,15.36
止损-15%,40,10.74,-0.19670905011219142,0.002243829468960444,000007.SZ,全新好,2018-07-30,13.37
保本止损,17,7.83,0.029375,0.14749999999999996,000007.SZ,全新好,2018-12-07,8.0
止损-15%,9,5.95,-0.16899441340782123,0.022346368715083817,000007.SZ,全新好,2019-04-18,7.16
保本止损,54,8.2,0.07407821229050288,0.24916201117318443,000007.SZ,全新好,2019-11-08,8.95
到期120天,120,9.25,0.09388235294117647,0.1411764705882352,000007.SZ,全新好,2020-03-12,8.5
保本止损,91,8.08,-0.016743648960739065,0.11431870669745961,000007.SZ,全新好,2020-07-21,8.66
止损-15%,21,6.97,-0.2238307349665925,0.0,000007.SZ,全新好,2020-12-02,8.98
保本止损,98,3.58,0.07640750670241289,0.2975871313672922,000007.SZ,全新好,2021-04-23,3.73
止损-15%,12,3.4,-0.172749391727494,0.0,000007.SZ,全新好,2021-08-31,4.11
止盈30%,113,8.16,0.22300319488817893,0.30351437699680517,000007.SZ,全新好,2022-02-28,6.26
到期120天,120,7.72,0.1457184325108854,0.28301886792452835,000007.SZ,全新好,2022-06-28,6.89
止损-15%,102,6.61,-0.16329113924050634,0.0518987341772152,000007.SZ,全新好,2022-11-22,7.9
止损-15%,18,6.06,-0.20990873533246418,0.0,000007.SZ,全新好,2023-03-31,7.67
止损-15%,93,4.06,-0.18637274549098207,0.03807615230460912,000007.SZ,全新好,2023-09-04,4.99
止损-15%,11,3.9,-0.17894736842105266,0.006315789473684263,000007.SZ,全新好,2024-01-08,4.75
止盈30%,39,6.77,0.26618852459016396,0.3872950819672131,000007.SZ,全新好,2024-08-02,4.88
止损-15%,70,5.58,-0.20171673819742492,0.028612303290414903,000007.SZ,全新好,2024-12-18,6.99
到期120天,64,7.38,-0.013368983957219322,0.04278074866310152,000007.SZ,全新好,2025-07-03,7.48
止盈30%,33,2.89003132,0.21758893280632405,0.3023715415019762,000008.SZ,神州高铁,2010-02-05,2.21905288
止损-15%,7,2.28483508,-0.16103059581320447,0.0,000008.SZ,神州高铁,2010-06-17,2.72338308
到期120天,120,2.5260364799999997,-0.09148264984227143,0.039432176656151334,000008.SZ,神州高铁,2010-11-16,2.78039432
到期120天,120,2.60497512,-0.018992568125516036,0.08835672997522702,000008.SZ,神州高铁,2011-03-28,2.65540814
止损-15%,76,2.1817762999999997,-0.175642087821044,0.03314001657000835,000008.SZ,神州高铁,2011-08-08,2.64663718
到期120天,120,2.6203242999999996,0.12319248826291071,0.12582159624413156,000008.SZ,神州高铁,2012-07-26,2.3352681
止盈30%,51,2.9295006399999997,0.22177734375000002,0.30468749999999994,000008.SZ,神州高铁,2012-11-27,2.24536576
止损-15%,23,1.57000184,-0.4785142024763292,0.05753823743627093,000008.SZ,神州高铁,2013-04-22,3.01063202
保本止损,52,2.01293532,0.122801302931596,0.23235613463626473,000008.SZ,神州高铁,2013-08-23,2.01951354
止盈30%,117,2.96677722,0.3111578947368422,0.42421052631578954,000008.SZ,神州高铁,2013-12-25,2.083103
止盈30%,35,2.6970702,0.22931596091205203,0.3355048859934853,000008.SZ,神州高铁,2014-04-28,2.01951354
保本止损,12,5.34590012,0.004160125588696922,0.1507064364207222,000008.SZ,神州高铁,2015-08-05,5.58710152
到期120天,120,9.3158794,-0.10133843212237104,0.0478011472275334,000008.SZ,神州高铁,2016-06-21,10.366393460000001
止损-15%,120,8.146439220000001,-0.16207951070336388,0.05096839959225274,000008.SZ,神州高铁,2016-10-31,9.722210310000001
止损-15%,43,7.24458281,-0.1529548088064891,0.06488991888760118,000008.SZ,神州高铁,2017-03-03,8.55277013
止损-15%,63,7.535079550000001,-0.15066964285714285,0.01227678571428557,000008.SZ,神州高铁,2017-11-08,8.871788800000001
止损-15%,5,3.5217513,-0.19178082191780818,0.0,000008.SZ,神州高铁,2018-10-09,4.3574211
止损-15%,17,3.69087495,-0.17187500000000014,0.0022321428571427564,000008.SZ,神州高铁,2019-04-25,4.456905600000001
保本止损,24,3.42090021,0.040289855072463715,0.1681159420289854,000008.SZ,神州高铁,2019-08-26,3.44084715
止损-15%,7,2.9420497500000002,-0.18282548476454286,0.0,000008.SZ,神州高铁,2020-01-16,3.60027105
到期120天,120,2.71,-0.11198588693260367,0.08134559893815785,000008.SZ,神州高铁,2020-05-15,3.0517533
止损-15%,69,2.51,-0.16611295681063123,0.009966777408637956,000008.SZ,神州高铁,2020-09-14,3.01
到期120天,120,2.2,-0.1304347826086955,0.06719367588932822,000008.SZ,神州高铁,2021-01-12,2.53
到期120天,120,2.15,-0.05286343612334806,0.0792951541850221,000008.SZ,神州高铁,2021-05-17,2.27
止盈30%,56,3.28,0.34776785714285696,0.4642857142857141,000008.SZ,神州高铁,2021-09-29,2.24
保本止损,21,2.53,0.09568627450980395,0.2000000000000001,000008.SZ,神州高铁,2022-02-11,2.55
到期120天,120,2.44,-0.0040816326530613185,0.04489795918367342,000008.SZ,神州高铁,2022-06-22,2.45
到期120天,120,2.34,-0.03305785123966945,0.07438016528925627,000008.SZ,神州高铁,2022-12-14,2.42
保本止损,119,2.3,0.03,0.1,000008.SZ,神州高铁,2023-04-24,2.3
止损-15%,111,2.05,-0.1563786008230454,0.024691358024691377,000008.SZ,神州高铁,2023-08-22,2.43
止损-15%,32,1.94,-0.18487394957983191,0.0,000008.SZ,神州高铁,2023-12-20,2.38
止损-15%,55,1.81,-0.18099547511312214,0.036199095022624465,000008.SZ,神州高铁,2024-04-18,2.21
止盈30%,50,2.76,0.241826923076923,0.32692307692307676,000008.SZ,神州高铁,2024-08-16,2.08
保本止损,61,2.69,0.014855072463768191,0.11594202898550736,000008.SZ,神州高铁,2025-01-14,2.76
到期120天,92,2.86,0.03999999999999995,0.09090909090909091,000008.SZ,神州高铁,2025-05-23,2.75
到期120天,6,2.86,0.014184397163120581,0.028368794326241162,000008.SZ,神州高铁,2025-09-23,2.82
止盈30%,6,1.7287183,0.24408284023668644,0.31952662721893504,000009.SZ,中国宝安,2008-11-07,1.3101048999999998
止损-15%,7,4.05957237,-0.15986099044309293,0.02085143353605577,000009.SZ,中国宝安,2009-08-12,4.8320246099999995
止损-15%,8,4.37443062,-0.15967741935483865,0.0,000009.SZ,中国宝安,2009-12-10,5.2056564
保本止损,13,4.37443062,0.0076137418755802926,0.13277623026926635,000009.SZ,中国宝安,2010-04-19,4.52136447
止损-15%,7,5.6527856,-0.1558038485412788,0.0,000009.SZ,中国宝安,2011-01-06,6.69605706
止损-15%,24,6.79753482,-0.15161290322580648,0.02688172043010762,000009.SZ,中国宝安,2011-09-06,8.0123034
止损-15%,21,4.44553608,-0.1950078003120125,0.007800312012480494,000009.SZ,中国宝安,2012-02-28,5.52245858
止损-15%,23,3.56676732,-0.1636363636363637,0.013131313131313186,000009.SZ,中国宝安,2012-06-27,4.2646131
保本止损,84,3.7519979900000004,0.038470319634703286,0.14155251141552513,000009.SZ,中国宝安,2012-10-25,3.77353644
止盈30%,54,5.30276639,0.23621444201312913,0.3468271334792123,000009.SZ,中国宝安,2013-02-25,3.93722866
保本止损,40,4.6627854,0.020344764547560134,0.12781278127812779,000009.SZ,中国宝安,2013-07-08,4.78584359
保本止损,116,4.6772661,0.09079754601226994,0.20347648261758697,000009.SZ,中国宝安,2013-11-05,4.7207082
止盈30%,53,7.148638900000001,0.2838951310861423,0.3867041198501874,000009.SZ,中国宝安,2014-04-02,5.1551292
保本止损,42,6.0384519,0.033466453674121474,0.1701277955271567,000009.SZ,中国宝安,2014-10-24,6.0432787999999995
止损-15%,5,6.2991045,-0.19245049504950495,0.0,000009.SZ,中国宝安,2016-01-04,7.8002704000000005
止盈30%,56,9.4003732,0.33336003605273007,0.3950551473087101,000009.SZ,中国宝安,2016-05-04,6.7383524
到期120天,120,7.65806265,-0.1266173752310537,0.0009242144177449116,000009.SZ,中国宝安,2016-09-23,8.76827914
止损-15%,39,6.69371402,-0.15800203873598379,0.0,000009.SZ,中国宝安,2017-03-08,7.949798370000001
保本止损,84,6.02997956,0.0929077222291986,0.26979219574548674,000009.SZ,中国宝安,2017-07-17,6.126450119999999
止损-15%,15,4.77239024,-0.1590909090909091,0.002840909090909057,000009.SZ,中国宝安,2018-01-11,5.67527488
止损-15%,15,3.7969523699999996,-0.16637168141592934,0.02654867256637146,000009.SZ,中国宝安,2018-05-30,4.55473055
止损-15%,5,2.9837883599999997,-0.16000000000000006,0.004444444444444408,000009.SZ,中国宝安,2018-10-08,3.552129
保本止损,56,4.33873434,0.03322533384044587,0.116464714955469,000009.SZ,中国宝安,2019-07-08,4.3493846199999995
止盈30%,34,6.09146808,0.281521739130435,0.3826086956521742,000009.SZ,中国宝安,2019-11-11,4.405778799999999
止盈30%,26,8.17942412,0.22595419847328255,0.3038167938931299,000009.SZ,中国宝安,2020-05-22,6.2734459
止盈30%,67,10.05830007,0.23887343561310004,0.34515222670241635,000009.SZ,中国宝安,2020-11-11,7.47744372
止盈30%,44,11.91551777,0.2740867579908675,0.39155251141552505,000009.SZ,中国宝安,2021-04-01,8.56275108
止损-15%,7,10.7634114,-0.17968157695223655,0.0,000009.SZ,中国宝安,2022-03-04,13.1210163
止盈30%,16,17.010567,0.2513002364066195,0.34751773049645407,000009.SZ,中国宝安,2022-07-20,12.6236313
止损-15%,84,10.60040196,-0.1636648394675019,0.027407987470634297,000009.SZ,中国宝安,2022-12-16,12.674825189999998
到期120天,120,9.819277520000002,-0.12140229800554315,0.09413854351687392,000009.SZ,中国宝安,2023-04-19,11.17607922
保本止损,112,10.7336232,0.02624309392265193,0.1040515653775323,000009.SZ,中国宝安,2023-08-17,10.79325444
止损-15%,102,9.80933898,-0.15133276010318158,0.03955288048151318,000009.SZ,中国宝安,2023-12-20,11.558522020000002
止损-15%,42,8.58689856,-0.1611650485436894,0.047572815533980496,000009.SZ,中国宝安,2024-04-19,10.2366962
止盈30%,10,10.3116636,0.279245283018868,0.3948787061994609,000009.SZ,中国宝安,2024-09-13,7.3925163199999995
到期120天,120,9.74,0.1354037189816657,0.1518072777633933,000009.SZ,中国宝安,2025-03-10,8.508367839999998
止盈30%,30,12.08,0.24948266993920895,0.3562539898342748,000009.SZ,中国宝安,2025-08-14,8.906886239999999
止损-15%,38,7.71,-0.17007534983853598,0.0979547900968784,000010.SZ,美丽生态,2009-06-26,9.29
止盈30%,46,15.34,0.23895297249334518,0.36113575865128666,000010.SZ,美丽生态,2010-01-27,11.27
止盈30%,14,17.99,0.2398963730569948,0.3316062176165802,000010.SZ,美丽生态,2012-08-02,13.51
止损-15%,34,6.11,-0.15607734806629833,0.04972375690607727,000010.SZ,美丽生态,2014-02-26,7.24
止盈30%,41,10.84,0.24544319600499376,0.35330836454431963,000010.SZ,美丽生态,2014-11-04,8.01
保本止损,51,7.99,0.03400000000000001,0.1812499999999999,000010.SZ,美丽生态,2016-02-29,8.0
保本止损,85,7.63,0.08850129198966405,0.20155038759689928,000010.SZ,美丽生态,2016-07-27,7.74
止损-15%,96,6.59,-0.16264294790343078,0.03049555273189318,000010.SZ,美丽生态,2016-11-24,7.87
止损-15%,27,5.86,-0.15072463768115943,0.06956521739130428,000010.SZ,美丽生态,2017-03-27,6.9
止盈30%,51,6.66,0.2675,0.38750000000000007,000010.SZ,美丽生态,2017-08-02,4.8
止损-15%,13,4.36,-0.19999999999999996,0.0,000010.SZ,美丽生态,2018-01-15,5.45
止损-15%,44,3.89,-0.16163793103448268,0.019396551724138095,000010.SZ,美丽生态,2018-10-08,4.64
止损-15%,11,2.91,-0.15160349854227406,0.0,000010.SZ,美丽生态,2019-04-26,3.43
到期120天,120,3.43,0.04716417910447761,0.15522388059701492,000010.SZ,美丽生态,2019-09-17,3.35
到期120天,120,4.18,0.17897727272727265,0.23579545454545445,000010.SZ,美丽生态,2020-02-03,3.52
止盈30%,50,5.2,0.24779220779220776,0.35064935064935066,000010.SZ,美丽生态,2020-06-18,3.85
保本止损,110,4.07,0.015144230769230785,0.10096153846153844,000010.SZ,美丽生态,2020-10-19,4.16
到期120天,120,3.72,0.12770083102493082,0.2686980609418283,000010.SZ,美丽生态,2021-02-24,3.61
到期120天,120,3.78,-0.0406091370558376,0.0634517766497463,000010.SZ,美丽生态,2021-06-24,3.94
到期120天,120,3.32,-0.11702127659574467,0.08244680851063843,000010.SZ,美丽生态,2021-10-22,3.76
止损-15%,33,2.85,-0.19491525423728812,0.025423728813559282,000010.SZ,美丽生态,2022-03-07,3.54
止损-15%,52,3.15,-0.15549597855227884,0.026809651474530856,000010.SZ,美丽生态,2022-07-19,3.73
止损-15%,46,2.91,-0.1540697674418604,0.023255813953488393,000010.SZ,美丽生态,2023-01-12,3.44
止损-15%,36,3.01,-0.15449438202247198,0.0,000010.SZ,美丽生态,2023-11-24,3.56
止损-15%,6,1.76,-0.22807017543859642,0.008771929824561412,000010.SZ,美丽生态,2024-04-08,2.28
止盈30%,37,2.26,0.2444444444444444,0.3216374269005847,000010.SZ,美丽生态,2024-08-07,1.71
止损-15%,34,2.4,-0.15194346289752655,0.09540636042402827,000010.SZ,美丽生态,2025-02-18,2.83
止盈30%,11,3.98,0.2381756756756757,0.3445945945945946,000010.SZ,美丽生态,2025-06-26,2.96
止损-15%,6,3.89628204,-0.16713881019830026,0.0,000011.SZ,深物业A,2008-06-11,4.67818898
止损-15%,33,6.63623008,-0.16169828364950328,0.062330623306232985,000011.SZ,深物业A,2009-12-16,7.916278770000001
止损-15%,52,5.25606585,-0.16287015945330297,0.08200455580865622,000011.SZ,深物业A,2010-09-06,6.27867458
止盈30%,56,6.6004745300000005,0.23968926553672312,0.3036723163841808,000011.SZ,深物业A,2011-01-28,5.06298588
止损-15%,20,6.8007056100000005,-0.1508928571428571,0.023214285714285795,000011.SZ,深物业A,2011-07-25,8.0092432
止盈30%,5,6.679136740000001,0.2793255131964809,0.3695014662756598,000011.SZ,深物业A,2012-04-09,4.8770570200000005
保本止损,41,4.30496822,0.04285714285714287,0.1428571428571429,000011.SZ,深物业A,2012-09-21,4.30496822
止盈30%,68,6.54326565,0.215450643776824,0.30901287553648066,000011.SZ,深物业A,2013-02-25,4.9986258900000005
到期120天,120,5.592168020000001,0.12589041095890413,0.27671232876712326,000011.SZ,深物业A,2013-07-08,5.2203103
止损-15%,120,3.29000166,-0.399388160496386,0.07441253263707581,000011.SZ,深物业A,2013-12-20,5.4777502600000005
止损-15%,41,3.29000166,-0.3565473160003241,0.012587412587412548,000011.SZ,深物业A,2014-04-21,5.113043650000001
止盈30%,43,5.38870842,0.22446941323345843,0.3270911360799004,000011.SZ,深物业A,2014-10-16,4.060541339999999
止损-15%,7,9.77117184,-0.1955307262569833,0.013966480446927243,000011.SZ,深物业A,2015-12-28,12.14610944
止损-15%,19,9.31999848,-0.22125610354832928,0.018426647767540803,000011.SZ,深物业A,2016-04-26,11.967989119999999
止盈30%,12,15.07826268,0.24265593561368198,0.32595573440643855,000011.SZ,深物业A,2016-09-14,11.37161844
止损-15%,50,11.821602,-0.1594360086767897,0.0,000011.SZ,深物业A,2017-01-12,14.063892960000002
保本止损,64,15.29952295,0.027951674903898896,0.19769357495881373,000011.SZ,深物业A,2017-08-11,15.435141990000002
止损-15%,8,12.01076123,-0.17807424593967514,0.0,000011.SZ,深物业A,2018-01-30,14.612951559999999
止损-15%,20,9.40009471,-0.1579347000759302,0.03796507213363713,000011.SZ,深物业A,2018-05-30,11.16314223
止损-15%,6,7.4546979900000006,-0.18086040386303776,0.020193151887620647,000011.SZ,深物业A,2018-09-27,9.10064417
止盈30%,35,9.64396621,0.22735135135135146,0.3048648648648649,000011.SZ,深物业A,2019-01-28,7.39077775
保本止损,11,7.489070249999999,0.013457556935817773,0.10351966873706006,000011.SZ,深物业A,2019-07-18,7.6717305
止损-15%,24,5.882472890000001,-0.18871593621284988,0.030668127053669166,000011.SZ,深物业A,2019-12-23,7.25081775
止盈30%,8,9.21861504,0.2781664656212306,0.3896260554885405,000011.SZ,深物业A,2020-05-22,6.633881829999999
保本止损,38,10.7038415,0.02647581879962432,0.1012630882237764,000011.SZ,深物业A,2021-04-27,10.76385936
保本止损,37,10.09345715,0.02372294372294372,0.11948051948051937,000011.SZ,深物业A,2021-08-25,10.21730325
止损-15%,37,8.41268865,-0.15840707964601783,0.04513274336283187,000011.SZ,深物业A,2022-01-14,9.996149500000001
保本止损,23,10.369007,0.027956150310069518,0.17841971112999164,000011.SZ,深物业A,2022-06-13,10.41191855
止损-15%,89,8.78537684,-0.15195632393084627,0.061874431301182795,000011.SZ,深物业A,2023-01-11,10.35958063
保本止损,99,9.20026128,0.10098765256462773,0.22775024161324287,000011.SZ,深物业A,2023-05-12,9.209563489999999
止损-15%,96,8.05989276,-0.16766467065868257,0.03692614770459093,000011.SZ,深物业A,2023-09-11,9.68346828
保本止损,16,8.3111604,0.023880597014925245,0.14006888633754289,000011.SZ,深物业A,2024-01-09,8.417465940000001
保本止损,54,8.0,0.04430669869111259,0.1650279078899308,000011.SZ,深物业A,2024-05-28,8.05989276
止损-15%,32,8.09,-0.1502100840336134,0.052521008403361345,000011.SZ,深物业A,2024-12-09,9.52
止盈30%,86,10.52,0.2565912117177097,0.40079893475366174,000011.SZ,深物业A,2025-04-08,7.51
到期120天,40,9.13,0.12773892773892775,0.22610722610722606,000011.SZ,深物业A,2025-08-06,8.58
止损-15%,7,4.160004720000001,-0.15923236514522812,0.0,000012.SZ,南玻A,2008-05-29,4.94786496
止盈30%,18,2.8486152000000002,0.2528967254408059,0.3979848866498739,000012.SZ,南玻A,2008-12-25,2.0376580800000004
止盈30%,43,5.295376460000001,0.22744506688590374,0.30595720276800825,000012.SZ,南玻A,2009-06-08,4.054785600000001
保本止损,10,4.71513284,0.029099944781888386,0.11595803423522928,000012.SZ,南玻A,2010-01-11,4.73342881
保本止损,30,5.158652,0.02923132530944083,0.18485721216049728,000012.SZ,南玻A,2010-05-11,5.245715970000001
止损-15%,33,8.809775599999998,-0.15635491606714638,0.013429256594724158,000012.SZ,南玻A,2011-03-29,10.442514
止损-15%,54,7.41796299,-0.19498777506112477,0.037897310513447406,000012.SZ,南玻A,2011-07-28,9.214720920000001
止损-15%,8,4.97910348,-0.1580952380952382,0.0,000012.SZ,南玻A,2012-03-19,5.914093500000001
止盈30%,42,4.44872277,0.22338593974175033,0.3185078909612626,000012.SZ,南玻A,2012-11-13,3.37405851
止盈30%,48,5.21357391,0.2508408796895213,0.39327296248382915,000012.SZ,南玻A,2013-03-13,3.7419615900000003
保本止损,69,4.73845157,0.03622047244094473,0.1496062992125983,000012.SZ,南玻A,2013-07-17,4.74913579
止损-15%,39,3.94781929,-0.15154994259471877,0.059701492537313314,000012.SZ,南玻A,2013-11-14,4.65297781
止损-15%,41,3.39108018,-0.15249276487484434,0.08010680907877146,000012.SZ,南玻A,2014-03-14,4.00124039
到期120天,120,4.41266082,0.2102739726027398,0.2986301369863015,000012.SZ,南玻A,2014-08-28,3.4525642
止盈30%,42,5.65652984,0.25567251461988294,0.3988304093567251,000012.SZ,南玻A,2015-01-13,4.0437567
止盈30%,117,7.626767399999999,0.22139406730004246,0.3112976682501063,000012.SZ,南玻A,2016-02-29,5.8161984
止盈30%,76,9.0998502,0.2581056466302368,0.395264116575592,000012.SZ,南玻A,2016-07-27,6.5219553
止损-15%,83,5.9160906,-0.15234042553191482,0.054468085106383075,000012.SZ,南玻A,2016-12-22,6.97932375
止损-15%,13,5.4765417,-0.16181818181818175,0.0,000012.SZ,南玻A,2017-04-21,6.533835
保本止损,76,5.74132617,0.025622775800711747,0.11981020166073553,000012.SZ,南玻A,2017-08-24,5.78248263
保本止损,31,5.364058620000001,-0.0038740920096850956,0.11259079903147703,000012.SZ,南玻A,2017-12-22,5.66587266
止损-15%,16,3.86870724,-0.20338983050847467,0.0,000012.SZ,南玻A,2018-05-25,4.856462280000001
止损-15%,5,2.9281942299999995,-0.1540084388185656,0.0,000012.SZ,南玻A,2018-10-08,3.46125702
止损-15%,26,3.3006079599999993,-0.1551401869158879,0.0,000012.SZ,南玻A,2019-04-24,3.9066930499999994
保本止损,80,3.3178705199999996,0.0943262411347516,0.21276595744680826,000012.SZ,南玻A,2019-09-26,3.3899981400000003
止盈30%,15,4.4879408,0.23454106280193246,0.35265700483091794,000012.SZ,南玻A,2020-02-03,3.3178705199999996
止盈30%,18,4.98971344,0.23700787378181692,0.3476419972006545,000012.SZ,南玻A,2020-06-15,3.70255116
保本止损,30,5.801664110000001,0.01876171809520663,0.12285714285714301,000012.SZ,南玻A,2020-12-16,5.899998999999999
止损-15%,16,9.012757599999999,-0.16117850953206247,0.01386481802426344,000012.SZ,南玻A,2021-09-09,10.7445478
止损-15%,36,7.457870699999999,-0.16213389121338923,0.003138075313807446,000012.SZ,南玻A,2022-01-07,8.9010292
到期120天,120,6.55772442,0.13811023622047255,0.21259842519685052,000012.SZ,南玻A,2022-07-26,5.9573032999999995
到期120天,120,5.80719802,-0.12693935119887162,0.04090267983074752,000012.SZ,南玻A,2022-11-25,6.65154022
止损-15%,118,5.2952368,-0.1512344290340053,0.022556390977443556,000012.SZ,南玻A,2023-04-06,6.238750700000001
到期120天,120,5.46544084,-0.023648648648648667,0.021959459459459377,000012.SZ,南玻A,2023-08-15,5.59782176
到期120天,120,4.803536240000001,-0.07299270072992702,0.08394160583941605,000012.SZ,南玻A,2023-12-18,5.181767440000001
到期120天,120,5.33255585,0.057936584546856115,0.14014176382064733,000012.SZ,南玻A,2024-04-24,5.14394432
保本止损,85,4.9185681500000005,0.04540000000000014,0.19000000000000014,000012.SZ,南玻A,2024-09-02,4.928425
到期120天,120,4.6918606,-0.09848484848484858,0.0,000012.SZ,南玻A,2024-12-31,5.204416800000001
到期120天,97,4.66,-0.00679061095719679,0.09551421881545237,000012.SZ,南玻A,2025-05-16,4.6918606
到期120天,12,4.66,-0.0189473684210526,0.0,000012.SZ,南玻A,2025-09-15,4.75
止盈30%,21,14.4709474,0.22622144918794246,0.3304868626044308,000014.SZ,沙河股份,2009-06-23,10.87643013
止损-15%,19,8.53944918,-0.18759455370650535,0.09984871406959135,000014.SZ,沙河股份,2010-03-25,10.51131454
止损-15%,45,8.100462929999999,-0.1681487469684721,0.0,000014.SZ,沙河股份,2010-08-31,9.737874289999999
保本止损,27,7.439200649999999,0.03441762854144813,0.1343126967471145,000014.SZ,沙河股份,2011-03-15,7.502178009999999
止损-15%,12,5.13447648,-0.16000000000000006,0.003749999999999992,000014.SZ,沙河股份,2011-07-21,6.112472
止损-15%,16,4.0495127,-0.15335463258785947,0.0,000014.SZ,沙河股份,2011-11-22,4.78300934
止盈30%,12,6.211799670000001,0.32243816254416957,0.43639575971731465,000014.SZ,沙河股份,2012-03-26,4.3245739400000005
保本止损,14,6.305344000000001,0.028811524609843906,0.10444177671068412,000014.SZ,沙河股份,2012-09-03,6.328134400000001
保本止损,13,6.6472,0.007743362831858433,0.10066371681415928,000014.SZ,沙河股份,2013-03-11,6.8675071999999995
保本止损,31,7.81487835,0.030935960591132836,0.14482758620689629,000014.SZ,沙河股份,2013-11-06,7.845797750000001
保本止损,42,7.057353050000001,0.02314316469321871,0.15177610333692138,000014.SZ,沙河股份,2014-03-07,7.181030649999999
保本止损,9,10.96049374,0.005570469798657718,0.13758389261744952,000014.SZ,沙河股份,2014-12-09,11.5496009
保本止损,12,16.78317235,0.0779439252336449,0.21214953271028042,000014.SZ,沙河股份,2015-12-16,17.494393
到期120天,120,17.86867378,0.1855998574302866,0.2553928704565455,000014.SZ,沙河股份,2016-05-10,14.62498555
保本止损,85,15.234293110000001,-0.002592223330009913,0.17696909272183456,000014.SZ,沙河股份,2016-09-07,16.16075726
止损-15%,51,14.17087339,-0.15024154589371982,0.0,000014.SZ,沙河股份,2017-01-11,16.6763547
到期120天,120,13.07698342,-0.06711621064449926,0.05223295152891783,000014.SZ,沙河股份,2017-05-12,14.017805399999999
止损-15%,45,10.98369621,-0.2126303592120511,0.0098493626882966,000014.SZ,沙河股份,2017-09-13,13.949859940000001
止损-15%,6,7.41136823,-0.17684021543985642,0.0,000014.SZ,沙河股份,2018-02-01,9.00355966
止损-15%,21,8.29673304,-0.19563522992985194,0.047544816835541674,000014.SZ,沙河股份,2018-07-06,10.31464001
保本止损,23,7.24653465,0.02534908700322229,0.12459720730397417,000014.SZ,沙河股份,2018-11-26,7.3732500100000005
止损-15%,5,7.53164421,-0.1723237597911227,0.0,000014.SZ,沙河股份,2019-04-24,9.09974679
止损-15%,85,6.50176172,-0.19246040185934765,0.02066929133858255,000014.SZ,沙河股份,2019-09-19,8.05132248
止损-15%,4,6.2562628,-0.1532690246516613,0.004287245444801629,000014.SZ,沙河股份,2020-01-21,7.38872556
止盈30%,20,8.49860496,0.22925555690773602,0.30712341146823813,000014.SZ,沙河股份,2020-05-20,6.50176172
止损-15%,76,5.29449242,-0.15440027520481325,0.05889724310776929,000014.SZ,沙河股份,2021-04-09,6.2612277
止盈30%,88,7.258324920000001,0.23380884450784598,0.31811697574893016,000014.SZ,沙河股份,2021-09-29,5.50658633
止盈30%,38,7.9338833,0.24864516129032257,0.30322580645161284,000014.SZ,沙河股份,2022-01-27,6.08788075
保本止损,76,7.951199769999999,0.09862227324913883,0.2548794489092997,000014.SZ,沙河股份,2022-06-13,8.37423821
止盈30%,30,10.672106099999999,0.23902147971360369,0.32458233890214777,000014.SZ,沙河股份,2022-10-19,8.05695938
止盈30%,100,13.016470600000002,0.2334759765977665,0.3156813287954363,000014.SZ,沙河股份,2023-02-23,9.893330789999998
止损-15%,21,11.26462982,-0.15553925165077045,0.0,000014.SZ,沙河股份,2023-09-06,13.339435660000001
保本止损,21,10.82422292,0.05395683453237419,0.1924460431654677,000014.SZ,沙河股份,2024-01-08,10.88294384
止损-15%,30,8.61,-0.18616594935308248,0.0,000014.SZ,沙河股份,2024-05-24,10.57955242
止盈30%,64,12.8,0.21607324516785356,0.30213631739572744,000014.SZ,沙河股份,2025-04-07,9.83
止盈30%,21,1.76278882,0.2539393939393939,0.3393939393939394,000016.SZ,深康佳A,2009-01-07,1.3161093
保本止损,66,1.8999985,0.00951309054431863,0.15137949227050584,000016.SZ,深康佳A,2009-05-11,1.9661875299999998
保本止损,52,2.8297849999999998,0.027556818181818245,0.14630681818181823,000016.SZ,深康佳A,2010-01-26,2.8459551999999997
保本止损,57,2.0828476,0.015241635687732354,0.17286245353159835,000016.SZ,深康佳A,2010-08-31,2.1384962
保本止损,18,1.8721779,0.004693877551020378,0.1061224489795918,000016.SZ,深康佳A,2011-03-31,1.9477010000000001
保本止损,45,1.42163605,0.030853994490358094,0.12672176308539934,000016.SZ,深康佳A,2011-09-30,1.42951215
保本止损,69,1.2199999799999999,0.07303062029030465,0.24324324324324326,000016.SZ,深康佳A,2012-03-23,1.31137065
保本止损,102,1.13722712,0.11324921135646705,0.20189274447949546,000016.SZ,深康佳A,2012-09-24,1.1408259399999998
止损-15%,73,1.00588185,-0.17793164720331536,0.04117647058823532,000016.SZ,深康佳A,2013-03-01,1.2235988
保本止损,49,1.21411704,0.02385057471264384,0.10632183908045996,000016.SZ,深康佳A,2013-08-22,1.22823468
止盈30%,36,1.74705795,0.22142857142857153,0.3095238095238097,000016.SZ,深康佳A,2013-12-24,1.33411698
止盈30%,110,2.11153635,0.22523764469846838,0.3236038310497033,000016.SZ,深康佳A,2014-04-23,1.59529332
止盈30%,47,2.4230745,0.22999999999999987,0.34042553191489344,000016.SZ,深康佳A,2014-08-27,1.8076905
止损-15%,5,5.4689782,-0.15722379603399433,0.00566572237960346,000016.SZ,深康佳A,2015-12-28,6.489241359999999
到期120天,120,4.55901376,-0.019762845849802205,0.07509881422924926,000016.SZ,深康佳A,2016-04-26,4.650929359999999
止损-15%,90,3.97994548,-0.1624758220502901,0.009671179883945853,000016.SZ,深康佳A,2016-08-31,4.75203652
到期120天,120,4.49467284,0.08425720620842578,0.08425720620842578,000016.SZ,深康佳A,2016-12-29,4.14539356
止盈30%,59,5.2391892,0.22821100917431186,0.30733944954128434,000016.SZ,深康佳A,2017-05-08,4.00752016
保本止损,63,5.44140352,0.09898819561551443,0.227655986509275,000016.SZ,深康佳A,2017-09-22,5.450595079999999
保本止损,52,5.3494879200000005,0.00445544554455464,0.17491749174917506,000016.SZ,深康佳A,2018-02-06,5.570085359999999
止损-15%,14,3.8119421999999994,-0.1569112293352896,0.0,000016.SZ,深康佳A,2018-07-30,4.52140075
止盈30%,63,4.69770906,0.2775956284153005,0.3825136612021858,000016.SZ,深康佳A,2018-11-27,3.3979476600000003
保本止损,86,3.83578221,0.12431761786600497,0.21588089330024826,000016.SZ,深康佳A,2019-07-08,3.83578221
止盈30%,55,5.42529176,0.27743847485784884,0.3902418165478159,000016.SZ,深康佳A,2019-11-11,3.9024086999999996
保本止损,33,6.51956368,0.00564399421128791,0.1519536903039072,000016.SZ,深康佳A,2020-07-27,6.784666420000001
到期120天,120,6.15999708,-0.056572766462150745,0.08025288395197798,000016.SZ,深康佳A,2020-12-10,6.529382300000001
保本止损,73,5.84257372,0.02469610253675307,0.11775707167866598,000016.SZ,深康佳A,2021-04-12,5.91038415
止损-15%,32,5.27716336,-0.16352201257861643,0.025157232704402323,000016.SZ,深康佳A,2022-01-14,6.308789280000001
止损-15%,51,4.71,-0.1634103019538188,0.03197158081705146,000016.SZ,深康佳A,2022-07-21,5.63
到期120天,120,4.77,-0.03245436105476676,0.0892494929006086,000016.SZ,深康佳A,2022-11-22,4.93
止损-15%,120,4.0,-0.17695473251028812,0.0452674897119341,000016.SZ,深康佳A,2023-04-21,4.86
止损-15%,85,3.66,-0.15473441108545033,0.030023094688221685,000016.SZ,深康佳A,2023-08-21,4.33
止损-15%,30,3.14,-0.1928020565552699,0.07197943444730072,000016.SZ,深康佳A,2023-12-19,3.89
止损-15%,12,4.1,-0.21001926782273617,0.0,000016.SZ,深康佳A,2025-03-19,5.19
到期120天,51,5.42,0.1324649298597194,0.2364729458917835,000016.SZ,深康佳A,2025-07-22,4.99
止损-15%,46,5.06,-0.16501650165016502,0.052805280528052854,000017.SZ,深中华A,2010-10-25,6.06
止损-15%,23,4.77,-0.15575221238938067,0.003539823008849482,000017.SZ,深中华A,2011-05-13,5.65
止损-15%,37,3.96,-0.18350515463917522,0.0,000017.SZ,深中华A,2011-09-28,4.85
保本止损,58,3.19,0.026479750778816202,0.10280373831775703,000017.SZ,深中华A,2012-03-23,3.21
止盈30%,50,4.17,0.22971246006389778,0.3322683706070288,000017.SZ,深中华A,2012-07-30,3.13
止盈30%,17,6.68,0.23091976516634044,0.30724070450097835,000017.SZ,深中华A,2014-03-05,5.11
止盈30%,34,7.83,0.24461538461538468,0.33846153846153854,000017.SZ,深中华A,2014-07-23,5.85
止盈30%,75,10.45,0.24705128205128202,0.3397435897435897,000017.SZ,深中华A,2014-12-05,7.8
保本止损,39,11.71,0.025524769101595346,0.12426532325776661,000017.SZ,深中华A,2016-03-10,11.91
保本止损,64,11.1,0.030000000000000034,0.10000000000000012,000017.SZ,深中华A,2016-08-25,11.1
止损-15%,37,10.07,-0.15021097046413498,0.04725738396624477,000017.SZ,深中华A,2017-02-10,11.85
止损-15%,76,7.16,-0.1576470588235294,0.0,000017.SZ,深中华A,2017-07-12,8.5
止损-15%,57,4.6,-0.19298245614035098,0.043859649122807015,000017.SZ,深中华A,2018-03-23,5.7
止盈30%,34,5.29,0.2487373737373737,0.33585858585858586,000017.SZ,深中华A,2018-10-17,3.96
止损-15%,8,4.35,-0.19741697416974174,0.02029520295202958,000017.SZ,深中华A,2019-04-19,5.42
止损-15%,74,4.0,-0.17864476386036962,0.03696098562628331,000017.SZ,深中华A,2019-10-10,4.87
止损-15%,28,3.18,-0.1609498680738786,0.06068601583113444,000017.SZ,深中华A,2020-03-19,3.79
止损-15%,91,2.23,-0.1616541353383459,0.041353383458646566,000017.SZ,深中华A,2020-08-26,2.66
止盈30%,105,3.22,0.24752066115702484,0.33057851239669434,000017.SZ,深中华A,2020-12-24,2.42
止盈30%,25,3.51,0.23522727272727267,0.3295454545454544,000017.SZ,深中华A,2021-04-28,2.64
到期120天,120,3.66,-0.036842105263157815,0.052631578947368474,000017.SZ,深中华A,2021-08-30,3.8
保本止损,44,3.44,0.029885057471264354,0.14942528735632185,000017.SZ,深中华A,2021-12-28,3.48
保本止损,30,4.06,0.051351351351351215,0.18673218673218667,000017.SZ,深中华A,2022-08-03,4.07
到期120天,120,4.2,-0.10064239828693786,0.09635974304068526,000017.SZ,深中华A,2022-12-27,4.67
保本止损,88,4.22,0.03199052132701423,0.13033175355450233,000017.SZ,深中华A,2023-05-31,4.22
止盈30%,67,5.95,0.26535796766743647,0.3741339491916859,000017.SZ,深中华A,2023-10-09,4.33
止盈30%,80,7.49,0.2355516637478109,0.31173380035026277,000017.SZ,深中华A,2024-08-12,5.71
到期120天,120,6.4,0.037637795275590656,0.14645669291338592,000017.SZ,深中华A,2024-12-23,6.35
到期120天,73,6.89,0.11210691823899362,0.17924528301886786,000017.SZ,深中华A,2025-06-20,6.36
止损-15%,12,3.6633051,-0.16725978647686834,0.009964412811387808,000019.SZ,深粮控股,2008-05-23,4.39909715
止盈30%,25,2.7114719800000002,0.2388544891640867,0.34055727554179566,000019.SZ,深粮控股,2009-03-13,2.02264538
止损-15%,14,2.1604107000000004,-0.1785714285714285,0.08809523809523821,000019.SZ,深粮控股,2009-07-30,2.6300652
止盈30%,50,4.0390287,0.23394495412844024,0.3149847094801223,000019.SZ,深粮控股,2010-02-01,3.07154043
保本止损,38,3.1247679400000004,0.10360000000000008,0.23000000000000012,000019.SZ,深粮控股,2010-11-16,3.13103
保本止损,47,3.37525034,0.08282647584973166,0.2540250447227193,000019.SZ,深粮控股,2011-03-16,3.50049154
保本止损,43,2.90559584,0.02142857142857143,0.13865546218487398,000019.SZ,深粮控股,2011-09-28,2.98074056
保本止损,11,3.0026577700000003,-0.008039215686274345,0.11274509803921583,000019.SZ,深粮控股,2012-05-08,3.1936506
到期120天,120,2.4015000100000004,-0.0507425742574256,0.0952970297029703,000019.SZ,深粮控股,2012-09-20,2.52987224
到期120天,120,2.50169297,-0.007453416149068404,0.07329192546583843,000019.SZ,深粮控股,2013-02-27,2.5204791500000003
到期120天,120,2.3169622000000003,0.1256944444444445,0.26388888888888884,000019.SZ,深粮控股,2013-06-27,2.2543416
保本止损,83,2.42654825,0.03041237113402062,0.10438144329896912,000019.SZ,深粮控股,2013-10-25,2.42967928
保本止损,46,2.4010637,0.024712101918823025,0.1435963777490297,000019.SZ,深粮控股,2014-03-10,2.42028619
止盈30%,104,4.58957422,0.27402298850574724,0.3402298850574714,000019.SZ,深粮控股,2014-10-29,3.4244679
止盈30%,33,10.82063887,0.4729570195078371,0.5789932917716542,000019.SZ,深粮控股,2016-05-06,6.85287197
止损-15%,34,11.29557547,-0.20323841429369072,0.0027917364600782493,000019.SZ,深粮控股,2016-11-28,14.17685751
止损-15%,17,10.052824699999999,-0.20426065162907275,0.01629072681704246,000019.SZ,深粮控股,2017-03-28,12.63331356
止损-15%,12,8.6833439,-0.18166526492851134,0.0,000019.SZ,深粮控股,2018-04-10,10.6109927
止损-15%,30,6.687273,-0.19943049472816501,0.01282051282051287,000019.SZ,深粮控股,2018-08-13,8.353144799999999
保本止损,87,5.9518439999999995,-0.007036535859269236,0.192151556156969,000019.SZ,深粮控股,2018-12-19,6.319558499999999
止损-15%,8,5.9518439999999995,-0.16346153846153857,0.0,000019.SZ,深粮控股,2019-04-19,7.114848
止损-15%,87,4.21030896,-0.2192650449028361,0.0030674846625767006,000019.SZ,深粮控股,2019-09-17,5.39275068
止损-15%,7,4.1305682599999995,-0.16316639741518596,0.011308562197091913,000019.SZ,深粮控股,2020-01-16,4.935949330000001
止盈30%,22,9.13911806,0.26564126191680504,0.42550319519161406,000019.SZ,深粮控股,2020-06-09,6.411152279999999
止损-15%,33,5.6846000000000005,-0.15624722305466715,0.060489060489060616,000019.SZ,深粮控股,2020-12-09,6.73728153
保本止损,90,6.0128296599999995,0.019572950315637855,0.16315049226441622,000019.SZ,深粮控股,2021-04-12,6.1146
到期120天,120,6.02171124,-0.06094182825484755,0.054016620498615074,000019.SZ,深粮控股,2021-08-10,6.4125007599999995
保本止损,35,5.82631648,0.01485884101040108,0.13075780089153038,000019.SZ,深粮控股,2021-12-08,5.977303340000001
止损-15%,73,6.3396484200000005,-0.16122518550513876,0.022326674500587434,000019.SZ,深粮控股,2022-06-14,7.55822458
保本止损,76,6.98655132,0.03686274509803917,0.15032679738562102,000019.SZ,深粮控股,2022-12-19,7.069724550000001
保本止损,84,6.986630379999999,0.027680494752685986,0.10452275250354623,000019.SZ,深粮控股,2023-04-18,7.0235172
止损-15%,115,6.07284766,-0.15046604527296933,0.019973368841544617,000019.SZ,深粮控股,2023-08-16,7.148446069999999
止损-15%,33,5.60643773,-0.20405405405405413,0.03108108108108097,000019.SZ,深粮控股,2023-12-19,7.0437418
到期120天,120,6.54710112,0.0721227976791771,0.12290590165868502,000019.SZ,深粮控股,2024-05-29,6.17755193
保本止损,106,6.39121776,0.015820895522388016,0.12686567164179097,000019.SZ,深粮控股,2024-11-19,6.5276157
到期120天,120,6.64,0.08796675041552193,0.17601246105919,000019.SZ,深粮控股,2025-03-31,6.25481982
到期120天,44,6.6,-0.03083700440528634,0.038179148311307004,000019.SZ,深粮控股,2025-07-31,6.81
止盈30%,23,12.57,0.26622516556291387,0.38741721854304634,000020.SZ,深华发A,2010-01-27,9.06
止损-15%,5,7.53,-0.1679558011049724,0.004419889502762337,000020.SZ,深华发A,2010-06-23,9.05
保本止损,31,9.7,0.04154786150712825,0.16700610997963344,000020.SZ,深华发A,2010-11-12,9.82
保本止损,20,9.44,0.025762355415352253,0.1030494216614091,000020.SZ,深华发A,2011-03-29,9.51
止损-15%,44,7.03,-0.15301204819277112,0.0,000020.SZ,深华发A,2011-07-27,8.3
止损-15%,13,5.82,-0.15036496350364956,0.05109489051094899,000020.SZ,深华发A,2011-11-24,6.85
止盈30%,7,8.4,0.2966942148760331,0.3884297520661158,000020.SZ,深华发A,2012-04-05,6.05
止损-15%,44,5.18,-0.1672025723472669,0.061093247588424424,000020.SZ,深华发A,2012-09-21,6.22
止损-15%,81,5.46,-0.1651376146788991,0.035168195718654365,000020.SZ,深华发A,2013-02-19,6.54
到期120天,120,6.8,0.11567656765676572,0.1666666666666668,000020.SZ,深华发A,2013-06-19,6.06
止盈30%,102,8.77,0.24824427480916034,0.33893129770992364,000020.SZ,深华发A,2013-10-23,6.55
止盈30%,18,8.77,0.24824427480916034,0.33893129770992364,000020.SZ,深华发A,2014-02-26,6.55
保本止损,6,23.6,0.030381355932203348,0.10127118644067783,000020.SZ,深华发A,2016-04-18,23.6
保本止损,71,21.12,0.10196905766526033,0.24238162212845768,000020.SZ,深华发A,2016-09-27,21.33
保本止损,40,21.0,0.11840113528855246,0.26821192052980125,000020.SZ,深华发A,2017-03-14,21.14
保本止损,15,18.68,0.0959107806691451,0.21455124800849723,000020.SZ,深华发A,2017-10-16,18.83
保本止损,42,13.75,0.1377952755905511,0.2992125984251967,000020.SZ,深华发A,2018-04-17,13.97
止损-15%,13,9.87,-0.1628498727735369,0.0508905852417304,000020.SZ,深华发A,2018-09-17,11.79
保本止损,91,10.75,0.122610294117647,0.30974264705882343,000020.SZ,深华发A,2019-01-15,10.88
止损-15%,55,9.79,-0.15017361111111116,0.010416666666666753,000020.SZ,深华发A,2019-05-20,11.52
止损-15%,81,9.2,-0.1993037423846824,0.07397737162750215,000020.SZ,深华发A,2019-09-25,11.49
止损-15%,2,8.63,-0.15557729941291581,0.0,000020.SZ,深华发A,2020-01-23,10.22
止盈30%,26,11.75,0.26636050516647525,0.34902411021813995,000020.SZ,深华发A,2020-05-22,8.71
止损-15%,43,9.52,-0.16417910447761203,0.0,000020.SZ,深华发A,2020-10-15,11.39
保本止损,84,9.03,0.026732673267326673,0.16281628162816286,000020.SZ,深华发A,2021-04-28,9.09
止盈30%,115,12.17,0.259110629067245,0.31995661605206066,000020.SZ,深华发A,2021-08-26,9.22
止盈30%,18,12.17,0.2496232508073198,0.3100107642626481,000020.SZ,深华发A,2022-01-20,9.29
保本止损,49,8.79,0.10596529284164852,0.29718004338394793,000020.SZ,深华发A,2022-07-21,9.22
保本止损,99,9.2,0.021114683815648357,0.15755627009646309,000020.SZ,深华发A,2022-11-28,9.33
止盈30%,52,13.15,0.22777777777777775,0.3045634920634921,000020.SZ,深华发A,2023-04-18,10.08
止盈30%,103,16.62,0.2987046632124352,0.43523316062176176,000020.SZ,深华发A,2023-08-16,11.58
止盈30%,21,16.62,0.2301446945337621,0.33601286173633454,000020.SZ,深华发A,2023-12-18,12.44
止损-15%,30,11.62,-0.15797101449275372,0.08695652173913038,000020.SZ,深华发A,2024-11-22,13.8
止损-15%,10,10.05,-0.17283950617283947,0.01893004115226341,000020.SZ,深华发A,2025-03-24,12.15
到期120天,51,14.73,0.17865253595760774,0.2793338380015138,000020.SZ,深华发A,2025-07-22,13.21
止盈30%,17,2.5801263100000003,0.2235159817351599,0.30365296803652986,000021.SZ,深科技,2009-01-08,1.97915118
止盈30%,39,7.1797452999999996,0.24009569377990442,0.31100478468899523,000021.SZ,深科技,2009-09-01,5.47652105
保本止损,70,6.72904596,0.09114021571648678,0.21263482280431423,000021.SZ,深科技,2010-01-22,6.8024156200000006
止损-15%,41,9.74000482,-0.16815476190476183,0.09747023809523817,000021.SZ,深科技,2010-10-29,11.708914559999998
止损-15%,30,8.2763905,-0.1681260945709281,0.0,000021.SZ,深科技,2011-03-17,9.949092579999999
止损-15%,23,5.9591511,-0.15101070154577884,0.0,000021.SZ,深科技,2011-08-02,7.01911215
保本止损,38,4.748959350000001,0.028321678321678433,0.10839160839160837,000021.SZ,深科技,2012-04-05,4.7739978
止损-15%,62,3.2544473099999998,-0.16432865731462937,0.04208416833667337,000021.SZ,深科技,2012-08-27,3.8944105700000002
保本止损,94,3.4868252400000004,0.10155033324008395,0.29257641921397376,000021.SZ,深科技,2013-01-25,3.57442894
保本止损,107,4.405650810000001,0.098936170212766,0.22163120567375877,000021.SZ,深科技,2013-10-23,4.42921044
止损-15%,41,3.8794857400000007,-0.15120274914089335,0.05154639175257734,000021.SZ,深科技,2014-03-10,4.57056822
止盈30%,71,6.91224491,0.2260530421216849,0.3369734789391576,000021.SZ,深科技,2014-09-25,5.17006883
止盈30%,20,8.872193000000001,0.25624242424242427,0.3333333333333334,000021.SZ,深科技,2015-02-10,6.65414475
止损-15%,4,9.571434479999999,-0.16296296296296303,0.011522633744855872,000021.SZ,深科技,2015-12-29,11.4348996
到期120天,120,9.22531593,0.18342211858107055,0.27073864263785147,000021.SZ,深科技,2016-05-10,8.24442144
止损-15%,83,8.106294799999999,-0.16363636363636375,0.0009090909090908486,000021.SZ,深科技,2016-09-09,9.692309
到期120天,120,7.177815,-0.11453812412546348,0.08695652173913057,000021.SZ,深科技,2017-01-16,8.106294799999999
到期120天,120,8.622239500000001,0.16155660377358494,0.23938679245283015,000021.SZ,深科技,2017-07-14,7.514552
保本止损,46,7.9133195,0.11161504424778776,0.29756637168141614,000021.SZ,深科技,2017-11-27,8.010796
止损-15%,26,6.6018175,-0.1572398190045249,0.0,000021.SZ,深科技,2018-05-10,7.833566
止损-15%,5,4.31475915,-0.15462184873949578,0.0,000021.SZ,深科技,2018-10-08,5.10393975
止盈30%,51,9.5952879,0.2634717114158147,0.3724983401242785,000021.SZ,深科技,2019-06-10,6.991110750000001
保本止损,6,9.37905606,0.01588345864661654,0.10338345864661666,000021.SZ,深科技,2019-10-22,9.58627824
止盈30%,8,27.56589135,0.24579908675799095,0.301826484018265,000021.SZ,深科技,2020-07-01,21.174781499999998
止损-15%,33,17.5199562,-0.1568171242438343,0.0051186598417870335,000021.SZ,深科技,2020-11-11,20.778358649999998
止损-15%,36,15.622564760000001,-0.1685393258426966,0.028600612870275835,000021.SZ,深科技,2021-03-15,18.78930086
止损-15%,48,14.62560624,-0.1567205800334634,0.030117122141661956,000021.SZ,深科技,2021-07-13,17.34372486
止损-15%,64,12.10094802,-0.18288700195950355,0.09797517962116264,000021.SZ,深科技,2021-11-29,14.80939362
保本止损,52,10.66000056,0.09757194244604325,0.24640287769784167,000021.SZ,深科技,2022-07-06,10.66959552
止盈30%,78,14.71866864,0.23899042645778945,0.3350739773716276,000021.SZ,深科技,2022-11-28,11.02460904
止损-15%,20,16.0800288,-0.15634674922600614,0.020639834881320977,000021.SZ,深科技,2023-07-26,19.05999744
止损-15%,25,13.975364480000001,-0.16656891495601173,0.02873900293255116,000021.SZ,深科技,2023-12-01,16.7684704
保本止损,83,12.959480690000001,0.019393256200235763,0.1983835415135928,000021.SZ,深科技,2024-04-02,13.38527168
止盈30%,53,18.74337687,0.29004297994269346,0.3603151862464182,000021.SZ,深科技,2024-08-02,13.77870148
保本止损,67,18.82233791,0.026715176715176838,0.10966735966735985,000021.SZ,深科技,2024-12-16,18.99013012
止盈30%,86,23.32,0.2323882461068379,0.33939012439816657,000021.SZ,深科技,2025-05-22,17.410909320000002
止盈30%,31,7.255685250000001,0.24705882352941191,0.3051470588235296,000025.SZ,特力A,2009-09-23,5.5592856
保本止损,66,7.698520500000001,0.09142351900972587,0.26702033598585323,000025.SZ,特力A,2010-01-25,7.705333350000001
止损-15%,66,6.13837785,-0.15873015873015883,0.06629318394024267,000025.SZ,特力A,2010-09-15,7.296562350000001
保本止损,41,6.72428295,0.09235294117647061,0.24411764705882355,000025.SZ,特力A,2011-04-18,6.949107
止损-15%,8,4.3261597499999995,-0.15106951871657767,0.006684491978609651,000025.SZ,特力A,2011-12-05,5.0960118
止损-15%,43,4.0604586000000005,-0.15340909090909086,0.09375000000000001,000025.SZ,特力A,2012-05-15,4.7962464
到期120天,120,4.36703685,0.09812606473594537,0.16013628620102202,000025.SZ,特力A,2012-09-17,3.9991429500000004
到期120天,120,4.1967156,-0.049382716049382776,0.05092592592592583,000025.SZ,特力A,2013-02-21,4.4147268
止盈30%,77,5.19820455,0.21404109589041087,0.3065068493150684,000025.SZ,特力A,2013-06-21,3.9787044000000003
止盈30%,29,6.4177047,0.2388489208633094,0.3553956834532373,000025.SZ,特力A,2013-10-31,4.73493075
止盈30%,34,7.9165317,0.25135453474676084,0.36866902237926963,000025.SZ,特力A,2014-02-28,5.78410965
止盈30%,41,8.26398705,0.24152173913043487,0.3184782608695654,000025.SZ,特力A,2014-07-21,6.267822
止损-15%,11,6.7174701,-0.17489539748953983,0.0,000025.SZ,特力A,2014-12-05,8.14135575
止损-15%,22,43.05721200000001,-0.1580069277911004,0.05182520650146549,000025.SZ,特力A,2016-01-21,51.137252100000005
保本止损,31,44.147268,0.027569879334045956,0.11577821903161736,000025.SZ,特力A,2016-08-10,44.603728950000004
止损-15%,2,37.70912475,-0.1571493832800366,0.0,000025.SZ,特力A,2016-12-08,44.739985950000005
止损-15%,14,28.03487775,-0.15172129457843744,0.061018346732632546,000025.SZ,特力A,2017-04-07,33.04913535
止损-15%,92,25.90926855,-0.1658258389997808,0.05988155297214293,000025.SZ,特力A,2017-08-10,31.059783150000005
止损-15%,21,21.119835000000002,-0.2041078305519898,0.0,000025.SZ,特力A,2018-01-08,26.536050750000005
止损-15%,48,19.839019200000003,-0.176936122102883,0.0,000025.SZ,特力A,2018-05-29,24.103863300000004
保本止损,34,18.23439488,0.008887283236994385,0.10549132947976896,000025.SZ,特力A,2018-10-08,18.847201279999997
保本止损,75,20.2519295,0.020681381957773595,0.12476007677543206,000025.SZ,特力A,2019-06-12,20.587815159999998
止损-15%,76,17.35389828,-0.1550519415533956,0.08898508898508906,000025.SZ,特力A,2019-10-10,20.538420209999998
止盈30%,114,25.42771792,0.2621185932049539,0.33730288445379475,000025.SZ,特力A,2020-03-09,19.01418012
止损-15%,60,17.7460162,-0.18371987266939505,0.027285129604365844,000025.SZ,特力A,2020-09-08,21.740105639999996
保本止损,101,14.94819792,0.031911794697266155,0.11176642971409709,000025.SZ,特力A,2021-03-30,14.98283254
到期120天,120,14.444326079999998,-0.0634208840486868,0.0,000025.SZ,特力A,2021-08-19,15.422430239999999
止损-15%,48,11.9052072,-0.19127516778523498,0.01879194630872478,000025.SZ,特力A,2021-12-29,14.7209616
到期120天,120,17.830386,-0.042086916549115005,0.09668803418803427,000025.SZ,特力A,2022-12-16,18.61378272
止损-15%,89,15.11044644,-0.1650180022546831,0.032903993412468586,000025.SZ,特力A,2023-04-17,18.0967332
保本止损,115,15.1898706,-0.01958762886597923,0.10309278350515474,000025.SZ,特力A,2023-08-15,16.371304979999998
保本止损,33,15.1898706,-0.01780072904009722,0.10510328068043734,000025.SZ,特力A,2023-12-15,16.34152092
到期120天,120,15.446007439999999,0.15277614677131218,0.22407614521863164,000025.SZ,特力A,2024-04-16,14.25663672
止盈30%,30,17.451208919999996,0.2450222882615154,0.3060921248142641,000025.SZ,特力A,2024-08-16,13.36139204
保本止损,81,17.14347998,0.04391624221844924,0.19920769666100724,000025.SZ,特力A,2024-12-20,17.54054958
到期120天,100,17.9,0.07260526220260005,0.13345054470697443,000025.SZ,特力A,2025-05-13,16.89531148
到期120天,9,17.9,0.016467915956842657,0.016467915956842657,000025.SZ,特力A,2025-09-18,17.61
止盈30%,51,3.27994996,0.21705320600272854,0.3042291950886768,000026.SZ,飞亚达,2009-04-27,2.51485703
止盈30%,49,3.9589009600000002,0.22746113989637318,0.3238341968911919,000026.SZ,飞亚达,2009-09-01,2.9904809599999997
止盈30%,42,6.03131976,0.22062818336163,0.3217317487266555,000026.SZ,飞亚达,2010-02-03,4.563195039999999
保本止损,15,4.9544367199999995,0.02426356589147277,0.10930232558139533,000026.SZ,飞亚达,2010-06-03,4.9970472
止盈30%,101,11.36044884,0.22954199795233804,0.32214572701013283,000026.SZ,飞亚达,2011-01-06,8.592433199999999
止损-15%,50,11.498429999999999,-0.15254237288135594,0.006779661016949188,000026.SZ,飞亚达,2011-09-19,13.568147399999999
止损-15%,56,7.560219120000001,-0.15777098037458057,0.050384286934244196,000026.SZ,飞亚达,2012-03-28,8.976441020000001
止损-15%,35,5.33880312,-0.15672514619883057,0.015204678362572917,000026.SZ,飞亚达,2012-09-18,6.331035600000001
止损-15%,36,4.83528216,-0.15850515463917525,0.0373711340206186,000026.SZ,飞亚达,2013-02-06,5.74606272
保本止损,31,4.27951836,0.016991643454038995,0.12674094707520892,000026.SZ,飞亚达,2013-09-17,4.37705724
止盈30%,93,5.303676599999999,0.22207207207207183,0.30630630630630606,000026.SZ,飞亚达,2014-03-10,4.06005588
保本止损,28,6.98055246,0.03333333333333329,0.11111111111111097,000026.SZ,飞亚达,2014-10-30,6.98055246
止损-15%,20,8.19100464,-0.1516900247320694,0.00412201154163214,000026.SZ,飞亚达,2016-04-20,9.65567408
保本止损,35,10.146382200000001,0.015672178289000693,0.17972681524083386,000026.SZ,飞亚达,2016-11-25,10.732789080000002
止损-15%,28,9.421089480000001,-0.1526717557251908,0.02428868841082579,000026.SZ,飞亚达,2017-04-17,11.11858308
止损-15%,99,7.77359627,-0.18902953586497898,0.070886075949367,000026.SZ,飞亚达,2017-09-15,9.58554795
止损-15%,101,7.23162858,-0.15260663507109015,0.07203791469194319,000026.SZ,飞亚达,2018-01-15,8.53396885
止损-15%,18,6.97277834,-0.16229348882410102,0.015549076773566631,000026.SZ,飞亚达,2018-05-25,8.32365303
到期120天,120,6.387093,0.17981157469717363,0.2543741588156124,000026.SZ,飞亚达,2018-10-11,5.27290011
止损-15%,37,5.29419042,-0.15034168564920278,0.03416856492027337,000026.SZ,飞亚达,2019-04-11,6.23096406
止盈30%,55,7.4028402799999995,0.23945666235446317,0.33764553686934023,000026.SZ,飞亚达,2019-09-23,5.53423166
止盈30%,90,9.98630456,0.24427643578946495,0.3436808475713658,000026.SZ,飞亚达,2020-02-28,7.4320509800000005
止盈30%,8,9.98630456,0.2646924829157177,0.42255125284738054,000026.SZ,飞亚达,2020-07-01,7.01999632
止盈30%,22,13.245995800000001,0.26954585930543196,0.3980409617097062,000026.SZ,飞亚达,2021-02-04,9.47468362
止损-15%,75,10.62883284,-0.16285714285714287,0.09571428571428572,000026.SZ,飞亚达,2021-06-04,12.696558
止损-15%,100,9.13245279,-0.15661641541038518,0.054438860971524304,000026.SZ,飞亚达,2021-10-14,10.82835018
止损-15%,22,8.20741785,-0.1890681003584229,0.044802867383512406,000026.SZ,飞亚达,2022-02-11,10.12097052
保本止损,120,9.066193049999999,0.03451327433628318,0.128810226155359,000026.SZ,飞亚达,2022-06-24,9.11999835
到期120天,120,11.06602044,0.2217634452423226,0.2967359050445104,000026.SZ,飞亚达,2022-12-20,9.066193049999999
保本止损,62,10.235602380000001,0.02152417622494729,0.11310357767191799,000026.SZ,飞亚达,2023-05-29,10.420293099999999
止损-15%,84,8.87334354,-0.17304347826086955,0.07304347826086958,000026.SZ,飞亚达,2023-09-26,10.730121
保本止损,117,9.27748747,0.02931932755493551,0.11793757555311875,000026.SZ,飞亚达,2024-04-16,9.358531619999999
止盈30%,73,10.84443695,0.22122260668973456,0.30911188004613604,000026.SZ,飞亚达,2024-08-21,8.28381219
止盈30%,100,13.53882569,0.23520456707897228,0.3482397716460513,000026.SZ,飞亚达,2024-12-23,10.04185307
到期120天,14,16.4,-0.03699354081033485,0.04991192014092764,000026.SZ,飞亚达,2025-09-11,17.03
止盈30%,69,2.54541404,0.256545209176788,0.35897435897435886,000027.SZ,深圳能源,2008-10-23,1.87304052
止盈30%,61,4.29646512,0.4059637508809051,0.5244298997469421,000027.SZ,深圳能源,2009-04-16,2.8184078
到期120天,120,4.25764164,0.15980650835532106,0.25681618293755487,000027.SZ,深圳能源,2009-09-24,3.67852473
止损-15%,73,3.37440747,-0.18895800933125978,0.05754276827371682,000027.SZ,深圳能源,2010-01-22,4.16058294
保本止损,47,3.00726824,0.033523266856600335,0.16809116809116834,000027.SZ,深圳能源,2010-09-01,3.0101268599999997
保本止损,91,2.8471855200000005,0.02960000000000008,0.13999999999999996,000027.SZ,深圳能源,2010-12-30,2.85862
止损-15%,21,2.50220139,-0.1599635824171418,0.007677543186180364,000027.SZ,深圳能源,2011-05-17,2.9786820400000003
保本止损,45,2.0902330100000004,0.027009646302250882,0.15755627009646292,000027.SZ,深圳能源,2011-10-18,2.10036338
保本止损,67,2.1166199999999997,0.020078547299609544,0.10062893081760999,000027.SZ,深圳能源,2012-03-15,2.14763844
止损-15%,50,1.7510219999999999,-0.1521739130434783,0.0,000027.SZ,深圳能源,2012-07-13,2.065308
保本止损,112,1.6999989599999998,0.009421664288201625,0.14781021897810212,000027.SZ,深圳能源,2012-11-29,1.757436
止损-15%,53,1.55519496,-0.1890675184822499,0.04180602006688969,000027.SZ,深圳能源,2013-03-29,1.917786
保本止损,88,1.5117537599999997,0.02840909090909078,0.12121212121212116,000027.SZ,深圳能源,2013-08-23,1.52913024
到期120天,120,1.6455510400000002,0.06996209926218447,0.10223048327137547,000027.SZ,深圳能源,2013-12-23,1.5580910399999999
止盈30%,106,2.1265117300000003,0.22614992507113083,0.31120078692577585,000027.SZ,深圳能源,2014-04-22,1.6218047999999998
止盈30%,28,2.6891449900000004,0.21776798825256988,0.3054331864904555,000027.SZ,深圳能源,2014-10-22,2.05996371
保本止损,52,6.59143992,0.08290598290598301,0.28098290598290604,000027.SZ,深圳能源,2015-10-21,6.979171679999999
止损-15%,46,4.16999947,-0.19183158653425833,0.0014450867052022767,000027.SZ,深圳能源,2016-04-20,5.15981496
到期120天,120,4.59550962,0.0203488372093023,0.06686046511627905,000027.SZ,深圳能源,2016-09-09,4.50386128
保本止损,64,4.54968545,0.036690647482014345,0.12230215827338115,000027.SZ,深圳能源,2017-01-13,4.54968545
到期120天,120,4.37826076,0.0567430207736858,0.11419753086419744,000027.SZ,深圳能源,2017-05-15,4.24200888
止损-15%,97,3.7703587199999995,-0.15467075038284847,0.009188361408881981,000027.SZ,深圳能源,2017-09-19,4.46022508
止损-15%,89,3.35370676,-0.1911037891268533,0.0049423393739703985,000027.SZ,深圳能源,2018-01-31,4.14602852
止损-15%,10,3.1799988,-0.17305815805115513,0.0,000027.SZ,深圳能源,2018-06-07,3.84549268
止盈30%,98,4.35541344,0.25511022044088166,0.3386773547094188,000027.SZ,深圳能源,2018-10-11,3.2535199200000005
到期120天,120,4.19337688,0.011239106608175975,0.030938569723919833,000027.SZ,深圳能源,2019-04-18,4.14677088
到期120天,120,3.67714536,-0.09519856064453722,0.06915675699119281,000027.SZ,深圳能源,2019-09-17,4.06403571
到期120天,120,4.6915562,0.13610217312274983,0.1766083626568377,000027.SZ,深圳能源,2020-01-16,4.19359836
止盈30%,34,4.9342229,0.2634428719750885,0.34690694146243267,000027.SZ,深圳能源,2020-05-22,3.66337328
止盈30%,106,6.02755648,0.25305935836646354,0.35731301838386303,000027.SZ,深圳能源,2020-09-22,4.44080061
止盈30%,16,6.62688738,0.2667259786476867,0.3772241992882561,000027.SZ,深圳能源,2021-02-05,4.811770940000001
保本止损,11,8.26875,0.033223737289590785,0.15254171940639374,000027.SZ,深圳能源,2021-06-16,8.3050139
止损-15%,72,6.5625,-0.15151515151515152,0.0460606060606062,000027.SZ,深圳能源,2021-10-14,7.734375
到期120天,120,5.47993656,-0.06369426751592368,0.08598726114649675,000027.SZ,深圳能源,2022-06-24,5.85272136
到期120天,120,5.9179587,0.11456140350877184,0.13157894736842102,000027.SZ,深圳能源,2022-10-24,5.3121834
到期120天,120,6.23317885,0.08899402983411137,0.14813066758709745,000027.SZ,深圳能源,2023-03-10,5.7781644
到期120天,120,5.96590625,-0.057315233785822005,0.019607843137254898,000027.SZ,深圳能源,2023-08-11,6.32863335
到期120天,120,7.07789526,0.18354877778638548,0.2532894736842106,000027.SZ,深圳能源,2023-12-19,5.8036335999999995
止损-15%,60,5.91203656,-0.15619004634974312,0.036600969550481074,000027.SZ,深圳能源,2024-05-30,7.0063603
到期120天,120,6.2644096000000005,-0.036144578313252816,0.04367469879518083,000027.SZ,深圳能源,2024-11-01,6.499324959999999
到期120天,120,6.58,0.09350740443436603,0.16735723822869172,000027.SZ,深圳能源,2025-03-10,6.0392823799999995
到期120天,44,6.88,0.05683563748079879,0.08294930875576037,000027.SZ,深圳能源,2025-07-31,6.51
止损-15%,9,7.706756309999999,-0.15008337965536417,0.004446914952751534,000028.SZ,国药一致,2008-05-29,9.06766161
止盈30%,100,11.7441087,0.2226330532212884,0.3053221288515405,000028.SZ,国药一致,2009-03-27,8.99709615
止盈30%,76,15.01532181,0.24346103038309103,0.31175693527080567,000028.SZ,国药一致,2009-10-13,11.446725690000001
止盈30%,54,19.04001525,0.24876644897302183,0.36865525286733747,000028.SZ,国药一致,2010-03-25,13.911476400000002
保本止损,12,20.573027749999998,0.02718988830099933,0.13609641387419152,000028.SZ,国药一致,2010-11-17,20.8612341
止损-15%,58,14.9800104,-0.15587278813395988,0.08327574291637885,000028.SZ,国药一致,2011-03-21,17.7461527
止损-15%,26,14.37263376,-0.1531314521679283,0.028217481073640877,000028.SZ,国药一致,2011-08-22,16.971504959999997
止损-15%,8,11.90224608,-0.1782258064516129,0.0,000028.SZ,国药一致,2011-12-20,14.483596799999999
止损-15%,24,16.9158828,-0.15315315315315323,0.006006006006006047,000028.SZ,国药一致,2012-10-23,19.9751382
止损-15%,77,16.91504808,-0.1696522832334432,0.08421672555948168,000028.SZ,国药一致,2013-02-25,20.37104184
止盈30%,60,31.949956919999998,0.22867328749681676,0.3111790170613699,000028.SZ,国药一致,2013-10-23,24.36734916
止损-15%,26,23.554483679999997,-0.20469306515818148,0.0023046302116070364,000028.SZ,国药一致,2014-03-20,29.616846839999997
止盈30%,117,44.7822934,0.2402706943899569,0.3336602589250687,000028.SZ,国药一致,2014-10-14,33.5784868
止损-15%,3,41.395307100000004,-0.1877815315315316,0.0,000028.SZ,国药一致,2015-08-20,50.96572992000001
到期120天,120,51.9231808,0.10462647102506298,0.11835218067632658,000028.SZ,国药一致,2016-05-18,46.92663843
到期120天,120,52.699206600000004,0.08229498696030141,0.09765285424514646,000028.SZ,国药一致,2016-09-26,48.69209156
到期120天,120,54.02289772,0.15685207169193904,0.2697544183430347,000028.SZ,国药一致,2017-02-16,47.506888520000004
止损-15%,73,46.97329559999999,-0.16140667267808842,0.005281463351797114,000028.SZ,国药一致,2017-07-17,56.014392279999996
止损-15%,59,38.86300616,-0.15909445745511325,0.004996096799375571,000028.SZ,国药一致,2017-11-14,46.2156618
止损-15%,57,33.17455575,-0.18826956672425718,0.08757062146892645,000028.SZ,国药一致,2018-03-23,40.86893184
到期120天,120,34.1466441,0.12021105758201417,0.17458132599220008,000028.SZ,国药一致,2018-09-14,30.314709090000004
止损-15%,30,27.71372235,-0.1798724017287509,0.0,000028.SZ,国药一致,2019-04-19,33.79196409000001
保本止损,106,30.4924448,0.02344791592309923,0.19480724276541672,000028.SZ,国药一致,2019-09-17,31.04641267
止损-15%,19,27.904783199999997,-0.15501905972045749,0.002117746717492609,000028.SZ,国药一致,2020-02-18,33.02415696
保本止损,34,33.16045194,0.03484201537147729,0.1831767719897523,000028.SZ,国药一致,2020-07-30,33.266985840000004
止损-15%,30,29.68047903,-0.15112351488402728,0.0786106032906764,000028.SZ,国药一致,2020-11-27,34.96442598
止损-15%,85,24.159281229999998,-0.15697912309184509,0.028543307086614067,000028.SZ,国药一致,2021-04-27,28.65798688
到期120天,120,23.82442832,-0.04128440366972487,0.0754013761467888,000028.SZ,国药一致,2021-08-25,24.85036064
止损-15%,56,21.15272957,-0.15340747077274022,0.0,000028.SZ,国药一致,2022-01-21,24.98572671
止盈30%,109,27.55667636,0.2285185185185185,0.3023569023569024,000028.SZ,国药一致,2022-07-01,21.1590819
止盈30%,47,33.13497977,0.23552900029146007,0.35558146313028255,000028.SZ,国药一致,2023-01-03,24.443370370000004
止损-15%,28,34.35453894,-0.15030156815440307,0.052110977080820145,000028.SZ,国药一致,2023-06-15,40.431449150000006
止盈30%,100,37.222294319999996,0.22538860103626934,0.3181347150259066,000028.SZ,国药一致,2023-12-06,28.23861165
止损-15%,36,28.62648375,-0.15229221862945622,0.0,000028.SZ,国药一致,2024-06-14,33.76928274
保本止损,47,27.45967025,0.03313210227272724,0.14275568181818182,000028.SZ,国药一致,2024-10-29,27.845312
到期120天,120,25.76,0.013268038907329294,0.03733955659276548,000028.SZ,国药一致,2025-03-05,25.42269075
到期120天,20,25.27,-0.003155818540433998,0.04102564102564099,000028.SZ,国药一致,2025-09-03,25.35
