exit_reason,exit_day,return,stock_id,stock_name,buy_date
到期120天,120,-0.16816114469574736,000001.SZ,平安银行,2016-01-07
止损-20%,88,-0.22241231822070145,000001.SZ,平安银行,2018-02-09
止盈30%,18,0.2519025875190258,000002.SZ,万科A,2009-01-13
止损-20%,78,-0.2162417374881964,000002.SZ,万科A,2009-12-18
止损-20%,61,-0.2218844984802431,000002.SZ,万科A,2018-02-27
到期120天,120,0.10090645778850059,000002.SZ,万科A,2020-03-18
止损-20%,30,-0.21108490566037735,000002.SZ,万科A,2024-11-28
到期120天,120,0.1907433380084152,000006.SZ,深振业A,2010-09-20
止盈30%,21,0.26654956269015584,000006.SZ,深振业A,2011-05-25
止盈30%,72,0.2541189220455342,000006.SZ,深振业A,2014-05-07
止盈30%,40,0.2700170357751277,000006.SZ,深振业A,2015-01-19
止损-20%,13,-0.20520231213872836,000006.SZ,深振业A,2016-01-04
止盈30%,92,0.3063457330415755,000006.SZ,深振业A,2020-02-03
到期120天,120,-0.09198559146611116,000006.SZ,深振业A,2023-03-21
止盈30%,14,0.2573919636087946,000007.SZ,全新好,2012-07-17
止损-20%,14,-0.23590225563909772,000007.SZ,全新好,2015-12-16
止盈30%,53,0.2861961598339388,000007.SZ,全新好,2016-07-18
止盈30%,42,0.27744807121661724,000007.SZ,全新好,2021-05-07
止盈30%,31,0.28100263852242746,000007.SZ,全新好,2021-09-13
到期120天,120,-0.07203389830508472,000007.SZ,全新好,2023-09-07
到期120天,120,0.1537878787878789,000007.SZ,全新好,2025-01-03
到期120天,120,0.054237288135593184,000008.SZ,神州高铁,2010-06-18
到期120天,120,0.2411458333333333,000008.SZ,神州高铁,2012-07-31
止损-20%,18,-0.42902711323763953,000008.SZ,神州高铁,2013-05-02
到期120天,120,-0.06389776357827488,000008.SZ,神州高铁,2013-11-12
止盈30%,28,0.33560864618885117,000008.SZ,神州高铁,2014-05-20
止损-20%,14,-0.22488226059654637,000008.SZ,神州高铁,2015-08-05
止损-20%,96,-0.21313240043057052,000008.SZ,神州高铁,2016-12-12
到期120天,120,-0.0005532442399800347,000008.SZ,神州高铁,2020-02-03
到期120天,120,0.07936507936507935,000008.SZ,神州高铁,2022-02-14
止损-20%,57,-0.20168067226890757,000008.SZ,神州高铁,2024-04-12
到期120天,120,0.03333333333333328,000008.SZ,神州高铁,2025-01-15
止盈30%,46,0.26142857142857134,000009.SZ,中国宝安,2009-08-17
止损-20%,35,-0.202226345083488,000009.SZ,中国宝安,2010-05-06
止盈30%,18,0.3026315789473685,000009.SZ,中国宝安,2011-01-11
到期120天,120,-0.07715047160578004,000009.SZ,中国宝安,2013-07-08
止损-20%,7,-0.21720297029702976,000009.SZ,中国宝安,2016-01-04
止盈30%,52,0.35125991986852084,000009.SZ,中国宝安,2016-05-06
止盈30%,116,0.28436546427125753,000009.SZ,中国宝安,2020-08-26
止盈30%,12,0.26983471074380183,000009.SZ,中国宝安,2022-07-22
到期120天,120,0.019495412844036757,000009.SZ,中国宝安,2025-01-03
止盈30%,35,0.2685123415610407,000010.SZ,美丽生态,2012-10-29
到期120天,120,0.09230769230769226,000010.SZ,美丽生态,2019-05-06
止盈30%,5,0.2660668380462725,000010.SZ,美丽生态,2020-09-28
到期120天,120,-0.01758793969849242,000010.SZ,美丽生态,2021-05-17
到期120天,120,0.008746355685131138,000010.SZ,美丽生态,2022-08-02
止损-20%,37,-0.20116618075801745,000010.SZ,美丽生态,2023-11-27
止损-20%,86,-0.24299909665763322,000011.SZ,深物业A,2009-12-16
到期120天,120,-0.04578313253012054,000011.SZ,深物业A,2010-10-08
止损-20%,35,-0.21696428571428575,000011.SZ,深物业A,2011-07-25
止盈30%,5,0.3233137829912024,000011.SZ,深物业A,2012-04-09
止盈30%,35,0.2790492957746479,000011.SZ,深物业A,2012-11-27
到期120天,120,0.14383561643835624,000011.SZ,深物业A,2013-07-08
止损-20%,36,-0.31942504576957337,000011.SZ,深物业A,2014-04-28
止盈30%,40,0.2656434474616292,000011.SZ,深物业A,2015-01-19
止损-20%,5,-0.20122417750573843,000011.SZ,深物业A,2016-01-04
止盈30%,101,0.2759904765497841,000011.SZ,深物业A,2016-05-09
止盈30%,117,0.27459996457604463,000011.SZ,深物业A,2016-12-06
止损-20%,79,-0.20317357167129563,000011.SZ,深物业A,2019-09-27
到期120天,120,0.06399654247151562,000011.SZ,深物业A,2022-05-06
到期120天,120,-0.12950894965694937,000011.SZ,深物业A,2023-01-12
到期120天,120,-0.1461286804798255,000011.SZ,深物业A,2023-10-18
到期120天,120,-0.0343249427917621,000011.SZ,深物业A,2024-12-31
止盈30%,43,0.2775948548303021,000012.SZ,南玻A,2009-06-08
止盈30%,63,0.28510701657375437,000012.SZ,南玻A,2010-05-11
止损-20%,120,-0.23059514664713918,000012.SZ,南玻A,2011-04-25
止损-20%,39,-0.20672792124763487,000012.SZ,南玻A,2012-03-23
到期120天,120,-0.19572553430821152,000012.SZ,南玻A,2013-07-17
止损-20%,115,-0.267136341662459,000012.SZ,南玻A,2013-11-14
止损-20%,91,-0.21531914893617016,000012.SZ,南玻A,2016-12-22
到期120天,120,0.00033484713364402243,000012.SZ,南玻A,2019-04-26
止盈30%,15,0.2801932367149759,000012.SZ,南玻A,2020-02-03
止盈30%,38,0.27445652173913054,000012.SZ,南玻A,2020-09-07
止盈30%,52,0.272,000012.SZ,南玻A,2021-02-01
止损-20%,108,-0.22233009708737875,000012.SZ,南玻A,2021-09-17
到期120天,120,0.15624999999999994,000012.SZ,南玻A,2022-07-28
到期120天,120,-0.023715415019762737,000012.SZ,南玻A,2025-01-08
止盈30%,56,0.31499999999999995,000014.SZ,沙河股份,2009-08-31
止损-20%,83,-0.23043095866314864,000014.SZ,沙河股份,2010-09-09
止损-20%,60,-0.2010064260616693,000014.SZ,沙河股份,2011-04-27
止盈30%,9,0.323639774859287,000014.SZ,沙河股份,2012-03-28
到期120天,120,0.07942022252266458,000014.SZ,沙河股份,2013-03-11
到期120天,120,-0.0522167487684731,000014.SZ,沙河股份,2013-11-06
止盈30%,72,0.31087502204526946,000014.SZ,沙河股份,2014-05-09
止盈30%,56,0.30177514792899407,000014.SZ,沙河股份,2014-12-23
止损-20%,5,-0.210910862152947,000014.SZ,沙河股份,2016-01-04
到期120天,120,0.21928817451205512,000014.SZ,沙河股份,2022-06-13
到期120天,120,-0.03481012658227853,000014.SZ,沙河股份,2023-09-12
止损-20%,108,-0.009223181616270018,000014.SZ,沙河股份,2024-02-07
止盈30%,19,0.26012461059190045,000016.SZ,深康佳A,2009-01-08
止盈30%,48,0.2796803652968035,000016.SZ,深康佳A,2009-08-17
到期120天,120,0.0,000016.SZ,深康佳A,2011-11-30
到期120天,120,-0.06784660766961649,000016.SZ,深康佳A,2012-07-09
到期120天,120,0.06761175375416668,000016.SZ,深康佳A,2013-03-04
止盈30%,64,0.2829979690851914,000016.SZ,深康佳A,2014-04-28
到期120天,120,0.05887230514096173,000016.SZ,深康佳A,2017-12-05
止盈30%,82,0.3135010425210638,000016.SZ,深康佳A,2019-09-26
到期120天,120,0.0057402396625923415,000016.SZ,深康佳A,2021-02-02
止损-20%,57,-0.21588946459412778,000016.SZ,深康佳A,2022-01-25
到期120天,120,-0.11299435028248582,000016.SZ,深康佳A,2022-07-29
到期120天,120,-0.06429780033840946,000017.SZ,深中华A,2010-10-26
到期120天,120,-0.1499051233396583,000017.SZ,深中华A,2011-05-23
到期120天,120,0.0062893081761006345,000017.SZ,深中华A,2012-03-26
止盈30%,48,0.2744107744107744,000017.SZ,深中华A,2012-07-31
止盈30%,93,0.2854381443298969,000017.SZ,深中华A,2014-11-11
到期120天,120,0.07323943661971825,000017.SZ,深中华A,2016-05-09
止损-20%,70,-0.2057026476578412,000017.SZ,深中华A,2019-04-25
止损-20%,75,-0.26078028747433263,000017.SZ,深中华A,2019-10-10
到期120天,120,0.05220883534136542,000017.SZ,深中华A,2020-09-10
到期120天,120,-0.04324324324324328,000017.SZ,深中华A,2021-08-19
止盈30%,55,0.30295566502463067,000017.SZ,深中华A,2022-09-15
到期120天,120,0.004405286343612241,000017.SZ,深中华A,2023-03-13
止盈30%,25,0.2894736842105263,000019.SZ,深粮控股,2009-03-13
止盈30%,67,0.2856209150326797,000019.SZ,深粮控股,2009-08-14
止盈30%,48,0.25989583333333344,000019.SZ,深粮控股,2010-02-02
止盈30%,72,0.27354709418837664,000019.SZ,深粮控股,2011-01-11
止损-20%,18,-0.20356768100734524,000019.SZ,深粮控股,2011-12-02
止损-20%,99,-0.20333680917622524,000019.SZ,深粮控股,2012-06-19
止盈30%,30,0.5006464796114983,000019.SZ,深粮控股,2016-05-09
止损-20%,93,-0.24314660309892744,000019.SZ,深粮控股,2016-12-02
止损-20%,85,0.022279138111752528,000019.SZ,深粮控股,2018-04-16
止盈30%,22,0.3139244346571662,000019.SZ,深粮控股,2020-06-09
止盈30%,23,0.31236203090507725,000020.SZ,深华发A,2010-01-27
到期120天,120,-0.0010427528675703635,000020.SZ,深华发A,2010-10-18
止损-20%,104,-0.2101123595505618,000020.SZ,深华发A,2011-04-29
止盈30%,7,0.34132231404958685,000020.SZ,深华发A,2012-04-05
止盈30%,28,0.3242857142857144,000020.SZ,深华发A,2014-05-15
到期120天,120,0.04412437128486503,000020.SZ,深华发A,2016-12-29
止损-20%,66,-0.20313942751615874,000020.SZ,深华发A,2017-05-08
止损-20%,118,0.013600572655690674,000020.SZ,深华发A,2018-04-17
到期120天,120,-0.006216696269982263,000020.SZ,深华发A,2019-04-29
到期120天,120,-0.1273584905660377,000020.SZ,深华发A,2019-10-21
止损-20%,80,-0.20054200542005426,000020.SZ,深华发A,2020-09-10
止盈30%,114,0.2705555555555556,000020.SZ,深华发A,2022-03-09
止损-20%,66,-0.21238244514106577,000020.SZ,深华发A,2024-12-25
止盈30%,39,0.28803827751196187,000021.SZ,深科技,2009-09-01
止盈30%,79,0.2823770491803278,000021.SZ,深科技,2010-02-02
止损-20%,109,-0.22131147540983598,000021.SZ,深科技,2010-11-16
止损-20%,101,-0.20386276466235487,000021.SZ,深科技,2012-04-05
到期120天,120,0.20554660004931236,000021.SZ,深科技,2014-03-31
止损-20%,5,-0.21474654377880184,000021.SZ,深科技,2016-01-04
止盈30%,52,0.2850644373322389,000021.SZ,深科技,2016-05-12
止损-20%,89,-0.2340425531914894,000021.SZ,深科技,2018-01-31
止盈30%,45,0.31645602847016474,000021.SZ,深科技,2019-06-18
止盈30%,52,0.32104770568395274,000021.SZ,深科技,2019-10-22
到期120天,120,-0.08818449720484703,000021.SZ,深科技,2020-09-08
止损-20%,34,-0.21371504660452723,000021.SZ,深科技,2022-01-13
到期120天,120,0.14036617262423703,000021.SZ,深科技,2022-09-15
止损-20%,105,-0.23437499999999992,000021.SZ,深科技,2023-08-03
到期120天,120,0.01315788140581727,000021.SZ,深科技,2025-01-02
止盈30%,43,0.26234269119070663,000025.SZ,特力A,2010-02-02
到期120天,120,0.023692003948667127,000025.SZ,特力A,2010-09-21
止盈30%,17,0.2797814207650272,000025.SZ,特力A,2011-04-28
到期120天,120,-0.1044776119402985,000025.SZ,特力A,2012-05-18
止盈30%,61,0.2592178770949721,000025.SZ,特力A,2014-06-19
止损-20%,73,-0.22035704769517725,000025.SZ,特力A,2016-01-21
止损-20%,84,-0.20448702967983176,000025.SZ,特力A,2017-09-28
止损-20%,78,-0.20258011141753898,000025.SZ,特力A,2020-09-15
到期120天,120,-0.13108773813490218,000025.SZ,特力A,2023-04-10
到期120天,120,0.10197698742799077,000025.SZ,特力A,2024-02-02
到期120天,120,0.13485377553030697,000025.SZ,特力A,2024-12-26
止盈30%,49,0.27266839378238356,000026.SZ,飞亚达,2009-09-01
止盈30%,50,0.34112817197076023,000026.SZ,飞亚达,2010-05-20
止损-20%,65,-0.21329113924050647,000026.SZ,飞亚达,2011-09-26
止损-20%,41,-0.2511634789632958,000026.SZ,飞亚达,2012-05-16
止损-20%,112,0.024723665030000272,000026.SZ,飞亚达,2013-02-27
到期120天,120,0.22851775185220335,000026.SZ,飞亚达,2016-05-06
止盈30%,90,0.28235994419941396,000026.SZ,飞亚达,2020-02-28
止损-20%,21,-0.2,000026.SZ,飞亚达,2020-10-20
到期120天,120,0.16950053134962814,000026.SZ,飞亚达,2022-07-15
到期120天,120,0.09993406385085293,000026.SZ,飞亚达,2023-03-29
到期120天,120,0.1630065097281507,000026.SZ,飞亚达,2024-06-03
到期120天,14,-0.03699354081033485,000026.SZ,飞亚达,2025-09-11
止盈30%,25,0.25498426023084997,000027.SZ,深圳能源,2015-02-06
止损-20%,18,-0.23928215353938184,000027.SZ,深圳能源,2015-12-15
止盈30%,86,0.27329192546583847,000027.SZ,深圳能源,2018-10-18
到期120天,120,-0.07322895767744496,000027.SZ,深圳能源,2021-06-17
到期120天,120,0.11512837778562232,000027.SZ,深圳能源,2025-01-08
止盈30%,116,0.2668275693130635,000028.SZ,国药一致,2014-03-28
止损-20%,10,-0.21171171171171183,000028.SZ,国药一致,2015-08-20
到期120天,120,0.12189232604821124,000028.SZ,国药一致,2016-05-26
到期120天,120,0.2478618293669913,000028.SZ,国药一致,2020-02-28
止损-20%,94,-0.20878113869983678,000028.SZ,国药一致,2020-09-17
止损-20%,46,-0.21417682926829268,000028.SZ,国药一致,2023-07-05
止损-20%,43,-0.20384673558974423,000028.SZ,国药一致,2024-06-24
到期120天,120,-0.07788781617078143,000028.SZ,国药一致,2025-01-07
止盈30%,20,0.2974452554744524,000029.SZ,深深房A,2009-01-08
止损-20%,87,-0.20863309352517992,000029.SZ,深深房A,2009-12-24
到期120天,120,-0.040665434380776154,000029.SZ,深深房A,2010-09-16
到期120天,120,0.07377049180327862,000029.SZ,深深房A,2012-03-23
止盈30%,53,0.27428571428571435,000029.SZ,深深房A,2014-01-07
止盈30%,91,0.25949367088607583,000029.SZ,深深房A,2014-05-09
止盈30%,39,0.2844827586206897,000029.SZ,深深房A,2015-01-19
止损-20%,103,-0.20018621973929238,000029.SZ,深深房A,2016-05-06
止损-20%,26,-0.20353063343717562,000029.SZ,深深房A,2020-11-11
止盈30%,81,0.3005464480874314,000029.SZ,深深房A,2022-08-02
止盈30%,97,0.2656042496679947,000029.SZ,深深房A,2024-12-31
止损-20%,15,-0.20631067961165053,000030.SZ,富奥股份,2016-01-07
到期120天,120,-0.02409952051585459,000030.SZ,富奥股份,2019-05-14
止盈30%,19,0.3011904761904761,000030.SZ,富奥股份,2020-02-03
到期120天,120,-0.02291701150201152,000030.SZ,富奥股份,2020-12-09
到期120天,120,-0.05218992532417089,000030.SZ,富奥股份,2021-05-07
止损-20%,37,-0.21276595744680848,000030.SZ,富奥股份,2022-01-13
止盈30%,28,0.2602880658436212,000030.SZ,富奥股份,2025-04-08
止损-20%,28,-0.20258272800645669,000031.SZ,大悦城,2009-12-15
到期120天,120,-0.11788617886178862,000031.SZ,大悦城,2010-09-01
止损-20%,69,-0.21961779282351468,000031.SZ,大悦城,2011-04-28
到期120天,120,0.05526040669699311,000031.SZ,大悦城,2012-03-28
到期120天,120,-0.027695518604949523,000031.SZ,大悦城,2013-03-04
到期120天,120,-0.07837837837837848,000031.SZ,大悦城,2013-10-25
止损-20%,7,-0.2074132492113564,000031.SZ,大悦城,2016-01-04
到期120天,120,-0.11254019292604514,000031.SZ,大悦城,2016-09-26
止损-20%,88,-0.2015810276679841,000031.SZ,大悦城,2020-09-14
到期120天,120,-0.17662337662337665,000031.SZ,大悦城,2022-05-10
止损-20%,62,-0.232484076433121,000031.SZ,大悦城,2024-12-30
止盈30%,63,0.29879879879879895,000032.SZ,深桑达A,2009-08-17
止盈30%,44,0.2701511335012593,000032.SZ,深桑达A,2010-01-27
止盈30%,118,0.2637029231280817,000032.SZ,深桑达A,2010-05-27
到期120天,120,0.1637214137214138,000032.SZ,深桑达A,2010-10-18
止损-20%,109,-0.22855031733130185,000032.SZ,深桑达A,2011-04-25
止盈30%,84,0.3136000000000001,000032.SZ,深桑达A,2012-05-15
止盈30%,25,0.30808080808080796,000032.SZ,深桑达A,2012-11-29
止盈30%,56,0.25704279639181227,000032.SZ,深桑达A,2013-06-21
止盈30%,18,0.3006134969325152,000032.SZ,深桑达A,2014-04-28
到期120天,120,-0.008564231831855127,000032.SZ,深桑达A,2016-04-28
止盈30%,7,0.31374172185430454,000032.SZ,深桑达A,2020-02-05
止损-20%,80,-0.22270176952956414,000032.SZ,深桑达A,2020-09-01
到期120天,120,-0.14685658153241646,000032.SZ,深桑达A,2021-04-23
止损-20%,29,-0.21620278330019885,000032.SZ,深桑达A,2022-03-09
止损-20%,72,-0.0020761095259529266,000032.SZ,深桑达A,2023-05-15
止盈30%,25,0.31961836612999384,000032.SZ,深桑达A,2025-01-02
到期120天,10,-0.019264448336252245,000032.SZ,深桑达A,2025-09-17
止盈30%,31,0.27929155313351484,000034.SZ,神州数码,2010-09-16
止损-20%,42,-0.23846153846153845,000034.SZ,神州数码,2012-05-16
到期120天,120,0.13486005089058534,000034.SZ,神州数码,2013-03-18
止盈30%,54,0.27923627684964203,000034.SZ,神州数码,2014-04-28
止盈30%,83,0.2572275759822091,000034.SZ,神州数码,2019-05-14
止盈30%,33,0.2544495715227421,000034.SZ,神州数码,2019-10-22
止盈30%,96,0.26872822299651566,000034.SZ,神州数码,2020-05-25
到期120天,120,-0.12023121387283232,000034.SZ,神州数码,2021-08-05
止盈30%,13,0.3109719737626716,000034.SZ,神州数码,2022-09-20
止盈30%,85,0.26480934540315315,000034.SZ,神州数码,2023-04-26
止盈30%,36,0.2727614747930775,000034.SZ,神州数码,2023-09-19
止损-20%,45,-0.20768806437335632,000034.SZ,神州数码,2024-04-17
止盈30%,20,0.32936507936507925,000034.SZ,神州数码,2025-01-03
止盈30%,65,0.27522935779816515,000035.SZ,中国天楹,2009-08-13
到期120天,120,0.18273092369477895,000035.SZ,中国天楹,2013-09-26
止损-20%,7,-0.2091172214182345,000035.SZ,中国天楹,2016-02-18
止损-20%,83,-0.23239436619718312,000035.SZ,中国天楹,2017-04-25
止盈30%,69,0.2687007874015749,000035.SZ,中国天楹,2019-08-05
到期120天,120,-0.1147826086956521,000035.SZ,中国天楹,2022-09-14
止盈30%,83,0.31974473265903197,000035.SZ,中国天楹,2024-07-08
到期120天,120,-0.05689277899343558,000035.SZ,中国天楹,2025-01-03
止盈30%,54,0.2751479289940827,000036.SZ,华联控股,2009-08-31
止损-20%,75,-0.2290209790209789,000036.SZ,华联控股,2010-01-26
到期120天,120,-0.04148471615720526,000036.SZ,华联控股,2010-09-27
止损-20%,105,-0.205513784461153,000036.SZ,华联控股,2011-04-28
止盈30%,10,0.33207547169811347,000036.SZ,华联控股,2012-03-28
到期120天,120,-0.02147239263803667,000036.SZ,华联控股,2013-03-04
到期120天,120,-0.031802120141342705,000036.SZ,华联控股,2013-12-23
止盈30%,39,0.2845744680851065,000036.SZ,华联控股,2015-01-19
止损-20%,118,-0.20310981535471329,000036.SZ,华联控股,2017-09-25
止损-20%,40,-0.20108108108108116,000036.SZ,华联控股,2018-03-01
止盈30%,60,0.27248677248677255,000036.SZ,华联控股,2021-08-18
止盈30%,69,0.3288135593220337,000036.SZ,华联控股,2024-06-24
止盈30%,42,0.2636022514071295,000037.SZ,深南电A,2009-09-01
止损-20%,72,0.025449101796407095,000037.SZ,深南电A,2010-01-26
到期120天,120,0.03525046382189237,000037.SZ,深南电A,2011-04-28
到期120天,120,0.09500000000000003,000037.SZ,深南电A,2012-03-28
到期120天,120,0.12944162436548232,000037.SZ,深南电A,2012-11-27
到期120天,120,0.0774714828897339,000037.SZ,深南电A,2016-12-05
止损-20%,77,-0.20189941116716137,000037.SZ,深南电A,2018-05-30
止损-20%,29,-0.21355111917725353,000037.SZ,深南电A,2020-09-04
止盈30%,20,0.35441370223978913,000037.SZ,深南电A,2022-08-02
止盈30%,116,0.3068322981366458,000037.SZ,深南电A,2022-12-28
止损-20%,44,-0.20483091787439606,000037.SZ,深南电A,2023-08-09
到期120天,42,-0.051591657519209536,000037.SZ,深南电A,2025-08-04
止盈30%,30,0.270500532481363,000039.SZ,中集集团,2009-06-15
到期120天,120,0.06878647257539464,000039.SZ,中集集团,2011-04-27
止损-20%,71,-0.237141661875256,000039.SZ,中集集团,2012-03-28
止盈30%,51,0.26086956521739124,000039.SZ,中集集团,2013-10-28
止盈30%,49,0.26815050344462105,000039.SZ,中集集团,2015-01-19
止损-20%,3,-0.23411816970235472,000039.SZ,中集集团,2015-08-20
止盈30%,57,0.2528810562308152,000039.SZ,中集集团,2017-05-08
止损-20%,85,-0.27015250544662295,000039.SZ,中集集团,2018-02-06
止盈30%,31,0.255418150983439,000039.SZ,中集集团,2021-06-04
止损-20%,112,-0.22290640394088665,000039.SZ,中集集团,2021-11-04
止损-20%,70,-0.20923787528868354,000042.SZ,中洲控股,2010-01-04
到期120天,120,0.2056105610561057,000042.SZ,中洲控股,2010-09-20
止盈30%,26,0.26778063410454145,000042.SZ,中洲控股,2014-10-23
到期120天,120,0.13611381374664186,000042.SZ,中洲控股,2018-02-06
止损-20%,49,-0.21394064872325738,000042.SZ,中洲控股,2018-10-17
到期120天,120,0.13297668065236548,000042.SZ,中洲控股,2020-02-03
止盈30%,18,0.2593333333333333,000042.SZ,中洲控股,2022-03-09
止盈30%,27,0.28407720144752724,000042.SZ,中洲控股,2022-08-04
止盈30%,93,0.29206730769230765,000042.SZ,中洲控股,2024-06-20
止盈30%,30,0.30842105263157893,000042.SZ,中洲控股,2024-12-25
止盈30%,55,0.26104651162790693,000045.SZ,深纺织A,2009-08-14
止损-20%,85,-0.20042194092827018,000045.SZ,深纺织A,2011-01-17
止损-20%,80,-0.22554660529344062,000045.SZ,深纺织A,2012-03-26
到期120天,120,0.1195219123505975,000045.SZ,深纺织A,2013-03-26
止盈30%,62,0.2918918918918917,000045.SZ,深纺织A,2013-11-07
止损-20%,31,-0.24982256919801266,000045.SZ,深纺织A,2017-03-08
到期120天,120,-0.042699724517906344,000045.SZ,深纺织A,2019-05-06
到期120天,120,0.10605938994592921,000045.SZ,深纺织A,2019-10-31
止盈30%,73,0.2637283236994219,000045.SZ,深纺织A,2020-03-23
止盈30%,37,0.3351783517835176,000045.SZ,深纺织A,2022-09-26
止损-20%,12,-0.22735849056603769,000045.SZ,深纺织A,2024-01-17
到期120天,120,0.01880875374028903,000045.SZ,深纺织A,2024-12-30
到期120天,120,-0.1236442516268981,000048.SZ,京基智农,2011-08-08
止损-20%,73,-0.21022727272727273,000048.SZ,京基智农,2011-12-07
止盈30%,65,0.2621951219512194,000048.SZ,京基智农,2013-07-05
到期120天,120,0.09963658388855239,000048.SZ,京基智农,2016-02-29
到期120天,120,0.11225490196078437,000048.SZ,京基智农,2018-10-16
止盈30%,93,0.2727735368956744,000048.SZ,京基智农,2019-05-17
止盈30%,58,0.2749027142854931,000048.SZ,京基智农,2020-05-27
止损-20%,18,-0.22618351841028633,000048.SZ,京基智农,2020-11-02
到期120天,120,-0.06181619256017515,000048.SZ,京基智农,2021-06-21
止损-20%,92,-0.20021567256716527,000048.SZ,京基智农,2022-05-17
到期120天,120,-0.045682451253481866,000048.SZ,京基智农,2023-10-13
止盈30%,45,0.3148893360160966,000049.SZ,德赛电池,2009-12-22
止损-20%,46,-0.20383275261324044,000049.SZ,德赛电池,2010-11-16
到期120天,120,0.10456011054813452,000049.SZ,德赛电池,2011-08-08
到期120天,120,0.20187700859566166,000049.SZ,德赛电池,2012-07-27
止盈30%,76,0.29035103192802975,000049.SZ,德赛电池,2013-09-11
到期120天,120,-0.07356479015257517,000049.SZ,德赛电池,2014-02-21
止损-20%,119,-0.20262312633832985,000049.SZ,德赛电池,2014-07-07
止盈30%,57,0.27191580069277904,000049.SZ,德赛电池,2019-11-01
止盈30%,93,0.2624713269936766,000049.SZ,德赛电池,2020-03-12
止损-20%,22,-0.2138560464633894,000049.SZ,德赛电池,2022-01-28
到期120天,120,0.031047865459249657,000049.SZ,德赛电池,2024-08-09
到期120天,120,-0.011690205547411127,000049.SZ,德赛电池,2025-01-02
止盈30%,41,0.33229166666666676,000050.SZ,深天马A,2009-08-17
止盈30%,58,0.2565217391304347,000050.SZ,深天马A,2010-04-30
止损-20%,75,-0.2008368200836819,000050.SZ,深天马A,2012-04-10
止盈30%,58,0.2889344262295081,000050.SZ,深天马A,2012-11-15
到期120天,120,0.20963484381874184,000050.SZ,深天马A,2014-11-04
止损-20%,5,-0.21320062860136205,000050.SZ,深天马A,2016-01-04
到期120天,120,0.02592503277643272,000050.SZ,深天马A,2019-04-29
到期120天,120,-0.0366847919858946,000050.SZ,深天马A,2020-09-10
到期120天,120,0.010714285714285697,000050.SZ,深天马A,2025-01-03
到期120天,120,0.03811434302908708,000055.SZ,方大集团,2010-06-25
到期120天,120,-0.17704918032786882,000055.SZ,方大集团,2011-05-30
到期120天,120,-0.106430155210643,000055.SZ,方大集团,2012-06-04
到期120天,120,0.23857868020304585,000055.SZ,方大集团,2012-11-14
止盈30%,60,0.30769230769230793,000055.SZ,方大集团,2015-01-12
到期120天,120,-0.053273427471116824,000055.SZ,方大集团,2016-08-01
止损-20%,50,-0.21211789864685093,000055.SZ,方大集团,2018-04-03
到期120天,120,0.006302521008403355,000055.SZ,方大集团,2022-09-28
到期120天,120,0.22421921362476444,000055.SZ,方大集团,2024-06-06
止盈30%,36,0.2618135376756068,000056.SZ,皇庭国际,2009-08-14
到期120天,120,0.10954235637779935,000056.SZ,皇庭国际,2010-04-20
止盈30%,84,0.30019980019980014,000056.SZ,皇庭国际,2010-10-15
到期120天,120,-0.06034482758620688,000056.SZ,皇庭国际,2012-04-23
止损-20%,67,-0.20208333333333328,000056.SZ,皇庭国际,2012-08-23
止盈30%,59,0.2936842105263159,000056.SZ,皇庭国际,2014-12-22
止损-20%,42,-0.5132743362831859,000056.SZ,皇庭国际,2016-05-09
止损-20%,72,-0.2441613588110403,000056.SZ,皇庭国际,2019-10-15
止损-20%,87,-0.23033707865168535,000056.SZ,皇庭国际,2020-09-01
止盈30%,17,0.295,000056.SZ,皇庭国际,2021-09-17
止损-20%,3,-0.2696969696969696,000056.SZ,皇庭国际,2022-04-27
止损-20%,27,-0.21485411140583555,000056.SZ,皇庭国际,2023-12-21
止损-20%,112,-0.2387096774193549,000056.SZ,皇庭国际,2025-04-22
止盈30%,59,0.261904761904762,000058.SZ,深赛格,2009-08-14
止盈30%,36,0.28984238178633986,000058.SZ,深赛格,2010-01-26
止损-20%,70,-0.22959183673469388,000058.SZ,深赛格,2010-11-16
到期120天,120,0.09004739336492878,000058.SZ,深赛格,2013-03-13
到期120天,120,-0.07346938775510216,000058.SZ,深赛格,2013-11-11
到期120天,120,0.08498946240400082,000058.SZ,深赛格,2016-05-06
止损-20%,70,-0.2054246244754949,000058.SZ,深赛格,2018-05-30
止损-20%,55,-0.2135493372606775,000058.SZ,深赛格,2019-04-18
到期120天,120,0.05141397468912802,000058.SZ,深赛格,2019-10-30
到期120天,120,0.12209065721270808,000058.SZ,深赛格,2021-05-20
止损-20%,56,-0.2152777777777778,000058.SZ,深赛格,2022-01-27
止盈30%,54,0.35427135678391974,000058.SZ,深赛格,2022-09-14
止盈30%,24,0.31540697674418605,000058.SZ,深赛格,2023-10-19
止损-20%,54,-0.20082348679516057,000059.SZ,华锦股份,2012-04-12
止损-20%,52,-0.21826625386996912,000059.SZ,华锦股份,2013-03-28
到期120天,120,-0.08533916849015334,000059.SZ,华锦股份,2014-01-06
止盈30%,47,0.26900584795321614,000059.SZ,华锦股份,2015-02-09
止损-20%,6,-0.20301783264746232,000059.SZ,华锦股份,2016-01-05
到期120天,120,0.05226927854477591,000059.SZ,华锦股份,2017-03-24
到期120天,120,-0.14462416745956239,000059.SZ,华锦股份,2017-10-16
到期120天,120,-0.07369978019785324,000059.SZ,华锦股份,2019-05-24
止盈30%,105,0.27718173053747563,000059.SZ,华锦股份,2020-09-10
止盈30%,57,0.27620967741935465,000059.SZ,华锦股份,2021-02-03
到期120天,120,0.1414773371694093,000059.SZ,华锦股份,2022-03-07
到期120天,120,0.13642960812772129,000059.SZ,华锦股份,2022-10-19
止损-20%,101,-0.2049889846544348,000059.SZ,华锦股份,2023-04-04
到期120天,120,0.18483021455255055,000059.SZ,华锦股份,2025-01-02
止损-20%,90,-0.21989405920142702,000060.SZ,中金岭南,2009-12-18
到期120天,120,-0.06008606049300464,000060.SZ,中金岭南,2011-01-14
到期120天,120,-0.11893442065371676,000060.SZ,中金岭南,2012-03-29
止损-20%,62,-0.2557377049180328,000060.SZ,中金岭南,2013-03-18
到期120天,120,-0.019738476738779775,000060.SZ,中金岭南,2016-05-06
止盈30%,47,0.28248315688161685,000060.SZ,中金岭南,2016-09-13
止损-20%,82,-0.21841887139270466,000060.SZ,中金岭南,2018-02-09
止盈30%,113,0.28272894609736077,000060.SZ,中金岭南,2021-02-03
止损-20%,120,-0.20404040404040405,000060.SZ,中金岭南,2021-10-28
止损-20%,95,-0.24048096192384774,000060.SZ,中金岭南,2023-08-31
止盈30%,27,0.2588320115356885,000061.SZ,农产品,2009-03-09
到期120天,120,-0.14225941422594152,000061.SZ,农产品,2010-12-06
止损-20%,93,-0.2100144976903211,000061.SZ,农产品,2011-05-23
止损-20%,97,-0.2085308056872039,000061.SZ,农产品,2012-06-20
到期120天,120,0.16242661448140874,000061.SZ,农产品,2012-10-30
止盈30%,61,0.28817733990147787,000061.SZ,农产品,2013-07-08
止盈30%,93,0.2560975609756098,000061.SZ,农产品,2013-11-20
止盈30%,74,0.29963735267452407,000061.SZ,农产品,2014-11-11
到期120天,120,-0.038379230102006494,000061.SZ,农产品,2019-05-23
止盈30%,10,0.2889125799573562,000061.SZ,农产品,2020-02-03
到期120天,120,0.0803930914278888,000061.SZ,农产品,2020-06-11
到期120天,120,-0.05355792135145966,000061.SZ,农产品,2022-05-13
止盈30%,56,0.273274917853231,000062.SZ,深圳华强,2010-01-26
到期120天,120,0.14030139722598023,000062.SZ,深圳华强,2010-11-17
止损-20%,118,-0.2369309955060103,000062.SZ,深圳华强,2011-04-27
止损-20%,103,-0.22071486390964443,000062.SZ,深圳华强,2012-11-20
止盈30%,59,0.29465648854961835,000062.SZ,深圳华强,2013-04-16
止盈30%,76,0.2601031814273429,000062.SZ,深圳华强,2013-12-16
止损-20%,17,-0.22592791823561048,000062.SZ,深圳华强,2015-12-10
到期120天,120,0.0425619208167025,000062.SZ,深圳华强,2016-05-06
止盈30%,81,0.2869437837519092,000062.SZ,深圳华强,2017-01-09
到期120天,120,-0.1383601756954612,000062.SZ,深圳华强,2017-06-26
到期120天,120,-0.07005144596923248,000062.SZ,深圳华强,2018-06-21
到期120天,120,-0.059196100434176516,000062.SZ,深圳华强,2019-11-11
止损-20%,89,-0.215122960168392,000062.SZ,深圳华强,2020-08-26
到期120天,120,0.18987341772151908,000062.SZ,深圳华强,2022-10-10
止盈30%,33,0.26909920182440145,000063.SZ,中兴通讯,2009-06-05
止损-20%,114,-0.20005898102162006,000063.SZ,中兴通讯,2011-04-28
到期120天,120,-0.11710442784739988,000063.SZ,中兴通讯,2016-01-07
止损-20%,50,-0.2002522863450016,000063.SZ,中兴通讯,2018-01-29
到期120天,120,0.15637720488466755,000063.SZ,中兴通讯,2019-05-22
止损-20%,109,-0.21850350660311357,000063.SZ,中兴通讯,2020-04-02
止损-20%,100,-0.21056848429232247,000063.SZ,中兴通讯,2020-07-31
到期120天,120,-0.1149390243902438,000063.SZ,中兴通讯,2021-08-30
到期120天,120,0.09473684210526304,000063.SZ,中兴通讯,2022-07-13
止盈30%,25,0.25324387249586167,000063.SZ,中兴通讯,2023-05-12
止盈30%,118,0.3123320787577711,000063.SZ,中兴通讯,2024-04-10
止损-20%,5,-0.20880107768298162,000065.SZ,北方国际,2009-08-12
止损-20%,45,-0.21532846715328482,000065.SZ,北方国际,2010-11-16
到期120天,120,-0.15226964296869905,000065.SZ,北方国际,2011-04-28
止损-20%,48,-0.20729918608529793,000065.SZ,北方国际,2013-04-23
止盈30%,39,0.255801687763713,000065.SZ,北方国际,2013-10-29
止盈30%,57,0.2641010575793187,000065.SZ,北方国际,2014-12-23
到期120天,120,0.1416820071687133,000065.SZ,北方国际,2021-05-17
止盈30%,26,0.34114583333333337,000065.SZ,北方国际,2022-01-25
止盈30%,15,0.2800261096605745,000065.SZ,北方国际,2022-07-29
止损-20%,25,-0.2122252747252748,000065.SZ,北方国际,2023-09-08
止盈30%,31,0.28075709779179814,000065.SZ,北方国际,2025-01-02
止盈30%,18,0.35714285714285715,000066.SZ,中国长城,2009-03-16
止损-20%,33,-0.20338983050847456,000066.SZ,中国长城,2010-12-06
止损-20%,67,-0.26221028045716127,000066.SZ,中国长城,2011-05-04
到期120天,120,-0.03968253968253968,000066.SZ,中国长城,2013-10-29
止盈30%,28,0.28308207705192645,000066.SZ,中国长城,2014-12-09
到期120天,120,0.0214477211796249,000066.SZ,中国长城,2016-09-28
止损-20%,15,-0.21356783919597996,000066.SZ,中国长城,2018-05-30
止盈30%,54,0.26591287843853517,000066.SZ,中国长城,2019-06-18
止盈30%,15,0.259012539184953,000066.SZ,中国长城,2020-02-03
到期120天,120,0.056244968814083855,000066.SZ,中国长城,2020-09-08
止损-20%,34,-0.2166666666666667,000066.SZ,中国长城,2021-02-22
到期120天,120,-0.07343857240905975,000066.SZ,中国长城,2021-08-27
止损-20%,53,-0.2091554853985793,000066.SZ,中国长城,2022-01-27
止盈30%,21,0.31497584541062806,000066.SZ,中国长城,2022-12-27
止损-20%,16,-0.2317647058823529,000068.SZ,华控赛格,2010-04-13
止损-20%,64,-0.22445820433436536,000068.SZ,华控赛格,2010-11-30
止损-20%,40,-0.20760697305863704,000068.SZ,华控赛格,2017-10-30
止损-20%,11,-0.20689655172413796,000068.SZ,华控赛格,2019-04-16
止损-20%,88,-0.21374045801526725,000068.SZ,华控赛格,2019-11-11
止损-20%,71,-0.22507122507122496,000068.SZ,华控赛格,2020-08-31
到期120天,120,0.10320284697508898,000068.SZ,华控赛格,2021-10-25
到期120天,120,0.17138810198300286,000068.SZ,华控赛格,2022-08-24
止损-20%,110,-0.21635883905013187,000068.SZ,华控赛格,2022-12-29
止损-20%,62,-0.23035230352303526,000068.SZ,华控赛格,2024-03-05
止损-20%,93,-0.21154855643044615,000069.SZ,华侨城A,2009-08-19
止损-20%,23,-0.20882669537136705,000069.SZ,华侨城A,2009-12-17
到期120天,120,-0.1077762619372442,000069.SZ,华侨城A,2011-05-25
止盈30%,95,0.2573913043478261,000069.SZ,华侨城A,2012-08-13
到期120天,120,-0.05650755204659887,000069.SZ,华侨城A,2013-03-04
止损-20%,71,-0.20105820105820096,000069.SZ,华侨城A,2013-11-08
止损-20%,3,-0.2227272727272728,000069.SZ,华侨城A,2015-08-21
止损-20%,16,-0.20880503144654083,000069.SZ,华侨城A,2016-01-04
到期120天,120,0.03545873247201457,000069.SZ,华侨城A,2019-05-17
止盈30%,108,0.276865671641791,000069.SZ,华侨城A,2020-09-25
止损-20%,113,-0.21041155994717342,000069.SZ,华侨城A,2021-05-13
止损-20%,67,-0.2035139092240116,000069.SZ,华侨城A,2022-03-02
止损-20%,114,-0.2007168458781362,000069.SZ,华侨城A,2024-12-25
止盈30%,57,0.2982866043613706,000070.SZ,特发信息,2009-08-17
止损-20%,40,-0.20189274447949526,000070.SZ,特发信息,2010-04-30
止损-20%,47,-0.21106557377049176,000070.SZ,特发信息,2011-10-10
到期120天,120,-0.0985155195681512,000070.SZ,特发信息,2012-05-16
到期120天,120,0.025490196078431657,000070.SZ,特发信息,2013-10-25
止盈30%,84,0.2609067259788608,000070.SZ,特发信息,2016-05-13
止损-20%,67,-0.22357343311506067,000070.SZ,特发信息,2017-11-02
止损-20%,89,-0.270509676341416,000070.SZ,特发信息,2018-05-30
到期120天,120,0.06663837011884555,000070.SZ,特发信息,2019-05-24
止损-20%,72,-0.21998706109647267,000070.SZ,特发信息,2019-10-15
到期120天,120,-0.09142053445850919,000070.SZ,特发信息,2021-07-28
止盈30%,53,0.2990115321252058,000070.SZ,特发信息,2022-09-15
止盈30%,25,0.30445544554455434,000070.SZ,特发信息,2023-12-20
止盈30%,39,0.2820754716981132,000070.SZ,特发信息,2025-04-08
止损-20%,34,-0.2134831460674158,000078.SZ,海王生物,2011-05-03
止盈30%,4,0.3075862068965518,000078.SZ,海王生物,2013-03-28
止盈30%,106,0.2747625508819539,000078.SZ,海王生物,2014-04-28
止盈30%,85,0.29393305439330525,000078.SZ,海王生物,2014-11-13
止损-20%,59,-0.22764876527700909,000078.SZ,海王生物,2019-05-14
止损-20%,106,-0.27917620137299776,000078.SZ,海王生物,2020-08-26
到期120天,120,0.1392405063291139,000078.SZ,海王生物,2022-04-25
到期120天,120,0.07058823529411772,000078.SZ,海王生物,2024-12-31
止盈30%,51,0.25217391304347836,000088.SZ,盐田港,2015-01-20
止损-20%,36,-0.27318045862412754,000088.SZ,盐田港,2015-07-06
止损-20%,17,-0.22382198952879578,000088.SZ,盐田港,2016-01-05
到期120天,120,-0.13945945945945953,000088.SZ,盐田港,2017-07-17
到期120天,120,-0.18680627071056752,000088.SZ,盐田港,2019-11-11
到期120天,120,0.06946454413892904,000089.SZ,深圳机场,2009-08-17
止盈30%,36,0.2749077490774909,000089.SZ,深圳机场,2015-01-19
到期120天,120,0.0931122448979592,000089.SZ,深圳机场,2015-12-09
止盈30%,75,0.30302768469244085,000089.SZ,深圳机场,2019-05-06
到期120天,120,-0.09713823156666607,000089.SZ,深圳机场,2020-09-02
